AA,FF,100-120,bulk_100-120,hexagons,pentagons,tetragons,hexagons_norm,pentagons_norm,tetragons_norm,avg_Hbonds,prob_0Hbonds,prob_less2Hbonds,prob_less3Hbonds,40-50,50-60,60-70,70-80,80-90,90-100,100-110,110-120,120-130,130-140,140-150,150-160,160-170,170-180,45-55,55-65,65-75,75-85,85-95,95-105,105-115,115-125,125-135,135-145,145-155,155-165,165-175,PC1,PC2,PC3,bulk_40-50,bulk_45-55,bulk_50-60,bulk_55-65,bulk_60-70,bulk_65-75,bulk_70-80,bulk_75-85,bulk_80-90,bulk_85-95,bulk_90-100,bulk_95-105,bulk_100-110,bulk_105-115,bulk_110-120,bulk_115-125,bulk_120-130,bulk_125-135,bulk_130-140,bulk_135-145,bulk_140-150,bulk_145-155,bulk_150-160,bulk_155-165,bulk_160-170,bulk_165-175,bulk_170-180,coulomb_pot,lj_pot,total_pot,n_waters
LEU,a03ws,0.244064,0.2367255,0.4411111111111111,0.4888888888888889,0.5094444444444445,0.0220856165336151,0.0244777613974576,0.0255069400016689,2.4672222222222224,0.0033333333333333,0.0944444444444444,0.4888888888888889,0.0024167,0.01388,0.0119286,0.017962,0.023765,0.0267332,0.0264278,0.022385,0.0179335,0.0137444,0.0102975,0.0070874,0.0040741,0.0013649,0.0100577,0.0115861,0.0147562,0.0210101,0.0256894,0.027177,0.0244863,0.0203501,0.0156188,0.0119507,0.0087028,0.0055647,0.0026749,-6.147286691027039,3.295649295604945,0.8089536583218014,0.0027343,0.0105242,0.014485,0.0127886,0.0133904,0.0158395,0.0184177,0.0209559,0.0232853,0.0250806,0.0258812,0.0259577,0.0253747,0.0239203,0.0219704,0.0199247,0.0176405,0.0154183,0.0135657,0.0117954,0.0101948,0.008655,0.0071646999999999,0.0058008999999999,0.0043887,0.0029224,0.0015065,-73.8451324010198,-62.22623819179957,-136.0713705928194,28.52
LEU,a99SBdisp,0.244996,0.234416,0.4458634092171016,0.5452526374236535,0.5036091060521932,0.0221011201937632,0.0270277708969807,0.0249635317755208,2.492504164353137,0.0022209883398112,0.0871737923375902,0.4636313159355913,0.0016191,0.013117,0.0127533,0.01861,0.0238065,0.0265873,0.0263656,0.0226336,0.0177323,0.0141115999999999,0.0102845,0.0070057999999999,0.0039977,0.0013757,0.008571,0.0119665,0.0155054,0.0214286,0.0256368,0.026881,0.0248367,0.0199711,0.015916,0.0120819,0.0086962,0.0054616,0.0026912,-5.18276483149694,2.312758114461126,-0.996410568164707,0.0018614999999999,0.0093677,0.014535,0.0137971,0.0144199999999999,0.016651,0.0190805,0.0213115,0.0233959,0.0245857,0.0252869,0.02558,0.0251108,0.0237865999999999,0.0217724,0.0197613,0.0175426,0.0152404,0.0133961,0.0118277,0.0103702999999999,0.0088792,0.0073871,0.0058798,0.0043775,0.0029373,0.0014636,-79.50661287044176,-65.39039436955424,-144.897007239996,28.38
LEU,C36m,0.200365,0.200062,0.2155568886222755,0.2901419716056788,0.3515296940611878,0.0116877907039779,0.0157318963928312,0.0190604230589919,2.6222755448910218,0.0053989202159568,0.0707858428314337,0.4003199360127974,0.0029603,0.0191531,0.0179961,0.0200313999999999,0.0213921,0.0220461,0.0210932,0.0189797999999999,0.0166158,0.0141749,0.0112640999999999,0.0079515,0.0047659,0.0015756,0.0124622,0.0183405,0.0190564999999999,0.0208889,0.0217632,0.021772,0.0201247,0.0178008,0.0154603,0.0127309,0.0096965,0.0063114,0.0031589,13.2407650663525,-8.267876408280861,4.397199547795161,0.0029515,0.0123992,0.0190761,0.0185166,0.0181973,0.0191407,0.0200564999999999,0.0207933,0.0213812,0.0216317,0.0216903,0.0215216,0.0209759,0.0200738,0.0190364999999999,0.0179993,0.016765,0.0152982999999999,0.0139194,0.0125723,0.0110926,0.0096379,0.0082022,0.0066451,0.0050355,0.0033277,0.0016199,-65.50071285664802,-50.59568248060054,-116.09639533724857,26.87
PHE,a03ws,0.2436505,0.2367255,0.5322222222222223,0.6144444444444445,0.6033333333333334,0.0226327726327726,0.0261292761292761,0.0256567756567756,1.9916666666666667,0.0216666666666666,0.2683333333333333,0.7288888888888889,0.0025361,0.0138759,0.0122870999999999,0.0177064,0.0236735,0.026822,0.0261484999999999,0.0225816,0.0178648,0.0136885,0.0102806,0.0070523,0.0041207,0.0013621,0.0101095,0.0118959,0.0147713,0.0208979,0.0256214,0.0268841999999999,0.024752,0.0202147,0.0155947,0.0120211,0.0085764,0.0055844,0.0027216999999999,-5.872025967314818,2.8830575927476856,0.8147874878329957,0.0027343,0.0105242,0.014485,0.0127886,0.0133904,0.0158395,0.0184177,0.0209559,0.0232853,0.0250806,0.0258812,0.0259577,0.0253747,0.0239203,0.0219704,0.0199247,0.0176405,0.0154183,0.0135657,0.0117954,0.0101948,0.008655,0.0071646999999999,0.0058008999999999,0.0043887,0.0029224,0.0015065,-60.74021914611804,-81.9233052169539,-142.66352436307196,31.7
PHE,a99SBdisp,0.2439695,0.234416,0.5513603553581343,0.5863409217101611,0.606329816768462,0.0231560291957185,0.0246251428304922,0.0254646363360772,2.2165463631315934,0.0088839533592448,0.1643531371460299,0.6229872293170461,0.0016071,0.0133592,0.0127359,0.0186035999999999,0.0237439,0.026653,0.0260951,0.0226987999999999,0.0180593,0.0139099999999999,0.0102187,0.0069592,0.003997,0.0013591,0.0087245,0.0120483,0.0154779,0.0212969,0.0255818,0.0269611,0.0246074999999999,0.0203803,0.0159549,0.0119727,0.008542,0.0053853,0.0027093,-5.192760312272668,2.1852854726410094,-0.8762640044812158,0.0018614999999999,0.0093677,0.014535,0.0137971,0.0144199999999999,0.016651,0.0190805,0.0213115,0.0233959,0.0245857,0.0252869,0.02558,0.0251108,0.0237865999999999,0.0217724,0.0197613,0.0175426,0.0152404,0.0133961,0.0118277,0.0103702999999999,0.0088792,0.0073871,0.0058798,0.0043775,0.0029373,0.0014636,-82.61583960087737,-81.07802464928268,-163.69386425016003,31.76
PHE,C36m,0.199401,0.200062,0.3175364927014597,0.3643271345730854,0.400119976004799,0.0146414774246489,0.0167989747277773,0.018449367963931,2.492901419716057,0.0067986402719456,0.0941811637672465,0.4705058988202359,0.0029406999999999,0.0192747,0.0181087,0.0201297,0.0214776,0.0218923,0.0208898,0.0189903999999999,0.0166282,0.0141307,0.0111828,0.0079983,0.0047726999999999,0.0015833,0.0124738,0.0185757,0.0190749,0.0209056,0.0218201,0.021544,0.020057,0.0178101999999999,0.0154379,0.0126912,0.0096105,0.0063885,0.0031798,13.720087724396436,-8.451138965108592,4.407578555878433,0.0029515,0.0123992,0.0190761,0.0185166,0.0181973,0.0191407,0.0200564999999999,0.0207933,0.0213812,0.0216317,0.0216903,0.0215216,0.0209759,0.0200738,0.0190364999999999,0.0179993,0.016765,0.0152982999999999,0.0139194,0.0125723,0.0110926,0.0096379,0.0082022,0.0066451,0.0050355,0.0033277,0.0016199,-69.26181411255966,-66.52979097825994,-135.7916050908196,30.19
ILE,a03ws,0.2427555,0.2367255,0.3772222222222222,0.4994444444444444,0.5383333333333333,0.0192378523870236,0.0254710298909193,0.0274543136421589,2.867777777777778,0.0,0.0194444444444444,0.2383333333333333,0.0024965,0.0138747,0.0121511,0.0179059,0.0237731,0.0268264,0.0261405,0.0224106,0.0178876,0.0137748,0.0101785,0.0071552,0.0040428,0.0013821,0.0100961,0.0118285,0.0147096,0.0211037,0.0256931,0.0269388,0.024543,0.0201024,0.0157239,0.0120066,0.0086161,0.0055279,0.0027292,-5.735754268772654,3.105212768143033,0.8144092911479127,0.0027343,0.0105242,0.014485,0.0127886,0.0133904,0.0158395,0.0184177,0.0209559,0.0232853,0.0250806,0.0258812,0.0259577,0.0253747,0.0239203,0.0219704,0.0199247,0.0176405,0.0154183,0.0135657,0.0117954,0.0101948,0.008655,0.0071646999999999,0.0058008999999999,0.0043887,0.0029224,0.0015065,-97.49509707987774,-59.17130789942963,-156.6664049793074,28.05
ILE,a99SBdisp,0.244314,0.234416,0.4330927262631871,0.5358134369794558,0.5441421432537479,0.0216480253115372,0.0267824928533762,0.0271988010324442,2.5197112715158245,0.0011104941699056,0.0838423098278734,0.4408661854525263,0.0016472,0.0131533,0.012638,0.0184785,0.0237889,0.0270672,0.0263525,0.0225103,0.0179399,0.0137553,0.0102387,0.0070224,0.0041044,0.0013032999999999,0.0086098,0.0118098,0.0156131999999999,0.0212853,0.0257759,0.0272032,0.0247863,0.0200778,0.0157951,0.0119148999999999,0.0086203,0.005488,0.0027045,-5.435724201414076,2.9443546617797867,-1.050250142496198,0.0018614999999999,0.0093677,0.014535,0.0137971,0.0144199999999999,0.016651,0.0190805,0.0213115,0.0233959,0.0245857,0.0252869,0.02558,0.0251108,0.0237865999999999,0.0217724,0.0197613,0.0175426,0.0152404,0.0133961,0.0118277,0.0103702999999999,0.0088792,0.0073871,0.0058798,0.0043775,0.0029373,0.0014636,-74.26882736435626,-65.2672862379498,-139.53611360230607,27.82
ILE,C36m,0.2000565,0.200062,0.2117576484703059,0.2983403319336132,0.3579284143171365,0.0117784451117784,0.0165943721499277,0.0199087976865754,2.5166966606678662,0.0033993201359728,0.0897820435912817,0.4511097780443911,0.0029525999999999,0.0191187,0.0180347,0.0199676999999999,0.0215904,0.0219415,0.0210966,0.0189147,0.0166391,0.0140914,0.0112008,0.008038,0.0048479,0.001566,0.0124799,0.0184492,0.0188932,0.0208662999999999,0.0219654,0.0216536,0.0201671,0.0177015,0.0154395,0.012685,0.0096266999999999,0.006468,0.0031726,13.3418335307199,-8.131398690888563,4.451010379447322,0.0029515,0.0123992,0.0190761,0.0185166,0.0181973,0.0191407,0.0200564999999999,0.0207933,0.0213812,0.0216317,0.0216903,0.0215216,0.0209759,0.0200738,0.0190364999999999,0.0179993,0.016765,0.0152982999999999,0.0139194,0.0125723,0.0110926,0.0096379,0.0082022,0.0066451,0.0050355,0.0033277,0.0016199,-60.85518609393272,-51.44898071955276,-112.30416681348548,26.76
VAL,a03ws,0.2428675,0.2367255,0.3422222222222222,0.4433333333333333,0.4711111111111111,0.018938695197688,0.024534218778823,0.0260714505318821,1.885555555555556,0.0061111111111111,0.255,0.8555555555555555,0.0024684,0.0140934999999999,0.0122213,0.0180815,0.0237386,0.0265217999999999,0.0261358,0.0224376999999999,0.0178715,0.0137245,0.0102141,0.0070099,0.0041306,0.0013505,0.0102187,0.0119065,0.01492,0.0210965,0.0254853,0.0269304,0.024486,0.0201662,0.0157302,0.0118576,0.0086008,0.0054826,0.002739,-5.358910819132957,2.943793977973288,0.91813299385311,0.0027343,0.0105242,0.014485,0.0127886,0.0133904,0.0158395,0.0184177,0.0209559,0.0232853,0.0250806,0.0258812,0.0259577,0.0253747,0.0239203,0.0219704,0.0199247,0.0176405,0.0154183,0.0135657,0.0117954,0.0101948,0.008655,0.0071646999999999,0.0058008999999999,0.0043887,0.0029224,0.0015065,-62.76066534859361,-56.45055424262394,-119.21121959121754,25.72
VAL,a99SBdisp,0.2433765,0.234416,0.3486951693503609,0.4714047751249306,0.5063853414769572,0.0192839157403426,0.0260701344961002,0.028004667444574,2.412548584119933,0.0022209883398112,0.116046640755136,0.4997223764575236,0.0016961,0.0133348,0.0128553,0.0185581,0.0236743999999999,0.0266291,0.0263523,0.022323,0.0180839,0.0139227999999999,0.0101634,0.0069942,0.00408,0.0013327,0.008723,0.0120177,0.0156408,0.0213693,0.0255755999999999,0.0270034,0.0244465,0.0202354,0.0159728999999999,0.0118618,0.008532,0.0056412,0.0026639,-4.905345938766732,2.280062149322428,-0.8716304131728942,0.0018614999999999,0.0093677,0.014535,0.0137971,0.0144199999999999,0.016651,0.0190805,0.0213115,0.0233959,0.0245857,0.0252869,0.02558,0.0251108,0.0237865999999999,0.0217724,0.0197613,0.0175426,0.0152404,0.0133961,0.0118277,0.0103702999999999,0.0088792,0.0073871,0.0058798,0.0043775,0.0029373,0.0014636,-76.99564248137176,-55.19861829673993,-132.19426077811173,25.36
VAL,C36m,0.199242,0.200062,0.1697660467906418,0.2407518496300739,0.3051389722055589,0.0104712687625649,0.0148497144760048,0.0188211497428434,2.461107778444311,0.0047990401919616,0.1035792841431713,0.488502299540092,0.0029559,0.0193081999999999,0.0182313,0.0200033999999999,0.0215298999999999,0.0218668,0.0208481,0.0190002999999999,0.0166023,0.0140999,0.011251,0.0079923,0.0047326999999999,0.0015777,0.0124948,0.0187236,0.0190292,0.0208787,0.0218384,0.0215881,0.0199386,0.0178674,0.0153539,0.0126633,0.0097102,0.0063132,0.0031672,13.846309361680522,-8.524352511447553,4.423213995553981,0.0029515,0.0123992,0.0190761,0.0185166,0.0181973,0.0191407,0.0200564999999999,0.0207933,0.0213812,0.0216317,0.0216903,0.0215216,0.0209759,0.0200738,0.0190364999999999,0.0179993,0.016765,0.0152982999999999,0.0139194,0.0125723,0.0110926,0.0096379,0.0082022,0.0066451,0.0050355,0.0033277,0.0016199,-57.60064821913839,-43.346870361181566,-100.94751858031998,23.85
TRP,a03ws,0.2438789999999999,0.2367255,0.6677777777777778,0.7183333333333334,0.705,0.0246205526310399,0.0264845046189139,0.0259929128858483,2.646111111111112,0.0061111111111111,0.105,0.445,0.0025231999999999,0.0140314,0.0123578,0.0181262999999999,0.0234527,0.026327,0.0260981,0.0226777,0.0177224,0.0138485,0.010191,0.0070517,0.0042438,0.0013486,0.0101784,0.0119633,0.0150874,0.0208914,0.0253917,0.0265883,0.0247186,0.0200663,0.0157891,0.012002,0.0085539,0.0056572,0.0027426,-5.253953665955382,2.3260928076988288,0.9406563833404769,0.0027343,0.0105242,0.014485,0.0127886,0.0133904,0.0158395,0.0184177,0.0209559,0.0232853,0.0250806,0.0258812,0.0259577,0.0253747,0.0239203,0.0219704,0.0199247,0.0176405,0.0154183,0.0135657,0.0117954,0.0101948,0.008655,0.0071646999999999,0.0058008999999999,0.0043887,0.0029224,0.0015065,-78.70585425204132,-102.32475543406926,-181.0306096861106,35.98
TRP,a99SBdisp,0.2431055,0.234416,0.688506385341477,0.7362576346474181,0.6490838423098279,0.0254703804124558,0.0272368745378358,0.024011995727549,3.217101610216546,0.0016657412548584,0.0333148250971682,0.2204330927262631,0.0016955,0.0135843,0.0129914,0.0186424,0.0234764,0.0265725,0.0261778999999999,0.0224432,0.0180059,0.0138026,0.0102741,0.0070317,0.0039483,0.0013538,0.0088022999999999,0.0123868,0.0156708,0.0212168,0.0253586999999999,0.0268097,0.0245632,0.0203285,0.0158061,0.0120184,0.0085577,0.005501,0.0026227,-4.551729835144149,1.7586238913999084,-0.7907757872393688,0.0018614999999999,0.0093677,0.014535,0.0137971,0.0144199999999999,0.016651,0.0190805,0.0213115,0.0233959,0.0245857,0.0252869,0.02558,0.0251108,0.0237865999999999,0.0217724,0.0197613,0.0175426,0.0152404,0.0133961,0.0118277,0.0103702999999999,0.0088792,0.0073871,0.0058798,0.0043775,0.0029373,0.0014636,-122.1888472166541,-99.5062204974493,-221.69506771410343,35.42
TRP,C36m,0.1992145,0.200062,0.3621275744851029,0.4323135372925415,0.4541091781643671,0.0143957520210491,0.0171858729262883,0.01805232072877,3.594081183763248,0.0007998400319936,0.0197960407918416,0.1495700859828034,0.0029823,0.0194430999999999,0.018265,0.0200541,0.0213158,0.0218299,0.0209588,0.0188841,0.0166317,0.0141176,0.0111967,0.0079785,0.0047653,0.0015772,0.0126101,0.0187897,0.0190403,0.0207745,0.0217245,0.0216084,0.0199939999999999,0.0177815,0.0154419,0.0126447,0.0095877,0.0064099,0.0031619,13.904077709652777,-8.648025200183966,4.56274420480616,0.0029515,0.0123992,0.0190761,0.0185166,0.0181973,0.0191407,0.0200564999999999,0.0207933,0.0213812,0.0216317,0.0216903,0.0215216,0.0209759,0.0200738,0.0190364999999999,0.0179993,0.016765,0.0152982999999999,0.0139194,0.0125723,0.0110926,0.0096379,0.0082022,0.0066451,0.0050355,0.0033277,0.0016199,-98.06700835456957,-84.42592164349514,-182.4929299980647,33.8
TYR,a03ws,0.2423875,0.2367255,0.6411111111111111,0.6811111111111111,0.6422222222222222,0.0250271090869659,0.0265885924962047,0.0250704836261114,3.1077777777777778,0.0061111111111111,0.065,0.2844444444444444,0.0025182,0.0139794999999999,0.0123064,0.0179652,0.0235887,0.0267045,0.0259901999999999,0.0224873,0.0178288,0.0135941,0.0103799,0.0071766999999999,0.0041609,0.0013195,0.0102007,0.0119276,0.0148411,0.0210161,0.0255279,0.0268139,0.0244787,0.0201259,0.0157042999999999,0.0118786999999999,0.0087199999999999,0.0057752,0.0026407,-5.353726073737185,2.781026700919434,0.988489475061652,0.0027343,0.0105242,0.014485,0.0127886,0.0133904,0.0158395,0.0184177,0.0209559,0.0232853,0.0250806,0.0258812,0.0259577,0.0253747,0.0239203,0.0219704,0.0199247,0.0176405,0.0154183,0.0135657,0.0117954,0.0101948,0.008655,0.0071646999999999,0.0058008999999999,0.0043887,0.0029224,0.0015065,-82.0107834815653,-87.05924372674707,-169.07002720831238,32.54
TYR,a99SBdisp,0.2406299999999999,0.234416,0.5896724042198779,0.6662965019433648,0.6318711826762909,0.0230418745931872,0.0260360164894771,0.0246908223041874,3.938922820655192,0.0,0.008328706274292,0.0755136035535813,0.0017108,0.013801,0.0131734,0.0185889,0.0237407,0.0264825,0.0257626,0.0223634,0.0178211,0.0138059,0.0101656,0.0070918,0.0041471,0.0013454,0.0089873,0.0124886,0.0157514,0.0213198,0.0255455,0.0265808999999999,0.0243359,0.020087,0.0156904,0.0119467,0.0085861,0.0056244,0.0027045,-3.707300535076415,1.958324455652043,-0.5481125338102071,0.0018614999999999,0.0093677,0.014535,0.0137971,0.0144199999999999,0.016651,0.0190805,0.0213115,0.0233959,0.0245857,0.0252869,0.02558,0.0251108,0.0237865999999999,0.0217724,0.0197613,0.0175426,0.0152404,0.0133961,0.0118277,0.0103702999999999,0.0088792,0.0073871,0.0058798,0.0043775,0.0029373,0.0014636,-128.68227868167685,-81.58511935500388,-210.2673980366808,32.84
TYR,C36m,0.1989335,0.200062,0.3327334533093381,0.3719256148770246,0.412117576484703,0.0142540196506737,0.0159329786960655,0.01765476832935,4.446510697860428,0.0,0.0033993201359728,0.0405918816236752,0.0029774,0.0194459,0.018308,0.0199882,0.0215375,0.0219436,0.0209394,0.0188472999999999,0.0165167,0.0140669,0.0111092999999999,0.0079641,0.0047741,0.0015816,0.0126094,0.0187526,0.0191341,0.0207975,0.0219258999999999,0.02161,0.0199775999999999,0.0176529,0.015417,0.0125833,0.0095775999999999,0.0063671,0.0031592,14.058270934253894,-8.241607477207733,4.488687741418273,0.0029515,0.0123992,0.0190761,0.0185166,0.0181973,0.0191407,0.0200564999999999,0.0207933,0.0213812,0.0216317,0.0216903,0.0215216,0.0209759,0.0200738,0.0190364999999999,0.0179993,0.016765,0.0152982999999999,0.0139194,0.0125723,0.0110926,0.0096379,0.0082022,0.0066451,0.0050355,0.0033277,0.0016199,-111.98138457868248,-64.94499641478565,-176.92638099346811,31.35
MET,a03ws,0.239814,0.2367255,0.4733333333333333,0.5927777777777777,0.5766666666666667,0.0221005940183134,0.0276776218515732,0.0269253715856916,2.1266666666666665,0.0083333333333333,0.2172222222222222,0.6672222222222223,0.0024979,0.0142066,0.0124543,0.0181525999999999,0.0236842,0.0263279,0.0256313,0.0223314999999999,0.0179362,0.0138455,0.0102826999999999,0.0071347,0.0041481999999999,0.0013663999999999,0.0103397,0.0119958,0.0150562,0.0211241,0.0253292,0.0264299,0.0244689999999999,0.0199769,0.0159085,0.0119153,0.0087025,0.0056225,0.0027648,-4.636106770156755,2.2523108321228555,1.1846196143731589,0.0027343,0.0105242,0.014485,0.0127886,0.0133904,0.0158395,0.0184177,0.0209559,0.0232853,0.0250806,0.0258812,0.0259577,0.0253747,0.0239203,0.0219704,0.0199247,0.0176405,0.0154183,0.0135657,0.0117954,0.0101948,0.008655,0.0071646999999999,0.0058008999999999,0.0043887,0.0029224,0.0015065,-74.60033993573626,-65.9322920433741,-140.53263197911036,28.4
MET,a99SBdisp,0.2419184999999999,0.234416,0.558023320377568,0.6474181010549694,0.6290949472515269,0.0254610863396838,0.0295399270368869,0.0287038913660316,2.056635202665186,0.0144364242087729,0.2393114936146585,0.7029428095502499,0.0016187,0.0135120999999999,0.0127178,0.0185513,0.0236697999999999,0.0265686,0.0259852,0.0223985,0.0181624,0.0138369,0.0103673,0.0071802,0.0041014,0.0013298,0.0087089,0.0122219,0.0154083,0.0212858,0.0255522,0.0266624,0.0245616,0.0203097,0.0158521,0.0120702999999999,0.0087876,0.0055445,0.0026923,-4.820877248357575,1.7587962431059727,-0.6850800953516535,0.0018614999999999,0.0093677,0.014535,0.0137971,0.0144199999999999,0.016651,0.0190805,0.0213115,0.0233959,0.0245857,0.0252869,0.02558,0.0251108,0.0237865999999999,0.0217724,0.0197613,0.0175426,0.0152404,0.0133961,0.0118277,0.0103702999999999,0.0088792,0.0073871,0.0058798,0.0043775,0.0029373,0.0014636,-75.31339330590097,-69.30425710975771,-144.6176504156587,28.64
MET,C36m,0.1990245,0.200062,0.2681463707258548,0.3337332533493301,0.401119776044791,0.0137537050902042,0.0171177731510446,0.0205741479574568,2.3039392121575686,0.0131973605278944,0.1607678464307138,0.5698860227954409,0.0029783,0.0192439999999999,0.0181315999999999,0.019983,0.0214108,0.0219224999999999,0.0208674,0.0189375,0.0167046,0.0141357,0.0113374,0.0080476,0.0047401,0.0015595,0.0125225999999999,0.0185613,0.0189780999999999,0.0208346,0.0217714,0.0215882999999999,0.0200031,0.0178313,0.0154701,0.0127619,0.0097491,0.0063818999999999,0.0031112,13.572370983533151,-8.646661650979665,4.531794770146176,0.0029515,0.0123992,0.0190761,0.0185166,0.0181973,0.0191407,0.0200564999999999,0.0207933,0.0213812,0.0216317,0.0216903,0.0215216,0.0209759,0.0200738,0.0190364999999999,0.0179993,0.016765,0.0152982999999999,0.0139194,0.0125723,0.0110926,0.0096379,0.0082022,0.0066451,0.0050355,0.0033277,0.0016199,-58.50599537682952,-60.96530389612377,-119.47129927295327,27.03
ALA,a03ws,0.2429925,0.2367255,0.2322222222222222,0.33,0.365,0.0154620108012132,0.0219723311385662,0.0243027298956869,2.381666666666667,0.0066666666666666,0.1211111111111111,0.5316666666666666,0.0025807,0.0143434999999999,0.0125977,0.0179564,0.023244,0.0262548,0.0261071,0.0224914,0.017761,0.0138909,0.0101853,0.0071062,0.0041123,0.0013689,0.0103892,0.012306,0.0149465,0.0208887,0.0250664,0.0265755,0.0247317,0.0200294,0.0158198999999999,0.0119451,0.0085742,0.0055971,0.0027677,-4.95578800443098,1.885319505792166,1.2042368704064683,0.0027343,0.0105242,0.014485,0.0127886,0.0133904,0.0158395,0.0184177,0.0209559,0.0232853,0.0250806,0.0258812,0.0259577,0.0253747,0.0239203,0.0219704,0.0199247,0.0176405,0.0154183,0.0135657,0.0117954,0.0101948,0.008655,0.0071646999999999,0.0058008999999999,0.0043887,0.0029224,0.0015065,-69.16182790398598,-33.95499166332866,-103.11681956731464,20.45
ALA,a99SBdisp,0.2410605,0.234416,0.2470849528039977,0.3414769572459744,0.3764575235980011,0.01637173025275,0.0226260991133512,0.0249438946322799,2.277623542476402,0.0077734591893392,0.1549139367018323,0.5885619100499723,0.0017152,0.0135986,0.0133186,0.0186466,0.023599,0.0261967,0.025994,0.0222180999999999,0.0182893,0.0137865,0.0100658,0.0071337,0.0041516999999999,0.001286,0.0089521,0.0124628,0.0157744,0.0214286,0.0251419999999999,0.0265540999999999,0.0243976,0.0202697999999999,0.0159836,0.0118824,0.0086112,0.0055391,0.0026594,-3.892754316228104,1.3899159142836488,-0.6046707655673211,0.0018614999999999,0.0093677,0.014535,0.0137971,0.0144199999999999,0.016651,0.0190805,0.0213115,0.0233959,0.0245857,0.0252869,0.02558,0.0251108,0.0237865999999999,0.0217724,0.0197613,0.0175426,0.0152404,0.0133961,0.0118277,0.0103702999999999,0.0088792,0.0073871,0.0058798,0.0043775,0.0029373,0.0014636,-67.26982203319669,-36.323474551813504,-103.5932965850102,20.2
ALA,C36m,0.1995305,0.200062,0.1137772445510897,0.1853629274145171,0.2491501699660068,0.0085614119558839,0.0139480296715366,0.0187478370773837,2.477904419116177,0.0075984803039392,0.1105778844231153,0.4847030593881223,0.003031,0.019504,0.018132,0.0201324999999999,0.0214234999999999,0.0217605,0.0209718,0.0189343,0.0165922,0.0140284,0.0112659,0.0078446,0.0047698,0.0016092,0.0127386,0.0186807,0.0190912,0.0208558,0.0217978,0.0215191,0.0200207,0.0177509,0.0153914999999999,0.0126714,0.009562,0.0062916,0.0031829,13.92777294730132,-8.389547722623943,4.662763920603835,0.0029515,0.0123992,0.0190761,0.0185166,0.0181973,0.0191407,0.0200564999999999,0.0207933,0.0213812,0.0216317,0.0216903,0.0215216,0.0209759,0.0200738,0.0190364999999999,0.0179993,0.016765,0.0152982999999999,0.0139194,0.0125723,0.0110926,0.0096379,0.0082022,0.0066451,0.0050355,0.0033277,0.0016199,-58.87773830801248,-29.25920939789067,-88.13694770590315,18.81
PRO,a03ws,0.242844,0.2367255,0.2955555555555555,0.3861111111111111,0.4277777777777777,0.0179245283018867,0.0234164420485175,0.025943396226415,1.4505555555555556,0.05,0.5272222222222223,0.9727777777777776,0.0025286,0.0139498,0.0122416,0.0181928,0.0235066,0.02655,0.0260789999999999,0.0224897999999999,0.0177698,0.0136838,0.0103144,0.0071097,0.0042,0.0013839999999999,0.0101839,0.0118004999999999,0.0149418,0.0211744,0.0253557,0.02684,0.024598,0.0199869999999999,0.015695,0.0119455,0.0086181,0.0057179,0.0027705,-5.297526700133319,2.817115626013136,0.9609783444080544,0.0027343,0.0105242,0.014485,0.0127886,0.0133904,0.0158395,0.0184177,0.0209559,0.0232853,0.0250806,0.0258812,0.0259577,0.0253747,0.0239203,0.0219704,0.0199247,0.0176405,0.0154183,0.0135657,0.0117954,0.0101948,0.008655,0.0071646999999999,0.0058008999999999,0.0043887,0.0029224,0.0015065,-40.08870244639693,-55.14345193405973,-95.23215438045666,23.45
PRO,a99SBdisp,0.242071,0.234416,0.2915047196002221,0.3786785119378123,0.4608550805108273,0.017348489855264,0.0225365144405525,0.0274271363426078,1.765130483064964,0.0066629650194336,0.2765130483064963,0.951693503609106,0.0016686,0.0134359,0.0130077,0.0188039,0.0237652,0.0263385,0.0261306,0.0222836,0.0177838,0.0138132,0.0103476,0.0070815,0.0041551,0.0013847,0.0086774,0.0123266,0.0156863,0.0216000999999999,0.0254287,0.0267082,0.0243227,0.0200825,0.0156620999999999,0.012047,0.0087834,0.0055799,0.002772,-3.9741219401462766,1.983975529958614,-0.8270291980094977,0.0018614999999999,0.0093677,0.014535,0.0137971,0.0144199999999999,0.016651,0.0190805,0.0213115,0.0233959,0.0245857,0.0252869,0.02558,0.0251108,0.0237865999999999,0.0217724,0.0197613,0.0175426,0.0152404,0.0133961,0.0118277,0.0103702999999999,0.0088792,0.0073871,0.0058798,0.0043775,0.0029373,0.0014636,-65.005738498664,-54.308400581601,-119.314139080265,23.95
PRO,C36m,0.1975529999999999,0.200062,0.1369726054789042,0.2147570485902819,0.2885422915416916,0.0090944092616932,0.0142589716015453,0.0191580037439757,1.8034393121375725,0.0163967206558688,0.2813437312537492,0.9002199560087982,0.0029154,0.0195192,0.0182186,0.0202138,0.0214664,0.0219358,0.0208357,0.0186749,0.0163304999999999,0.0139505,0.0113642,0.00814,0.0048135,0.0016213,0.0126095,0.0187715,0.019086,0.0210232,0.0217648,0.0216284,0.0198146,0.0174281999999999,0.0152635,0.012694,0.0097837,0.0064545,0.0032376999999999,14.502120593010286,-8.196528062788547,4.635622390804127,0.0029515,0.0123992,0.0190761,0.0185166,0.0181973,0.0191407,0.0200564999999999,0.0207933,0.0213812,0.0216317,0.0216903,0.0215216,0.0209759,0.0200738,0.0190364999999999,0.0179993,0.016765,0.0152982999999999,0.0139194,0.0125723,0.0110926,0.0096379,0.0082022,0.0066451,0.0050355,0.0033277,0.0016199,-51.482676300540334,-46.30445620426043,-97.78713250480077,22.63
CYS,a03ws,0.2404875,0.2367255,0.3327777777777778,0.4066666666666667,0.4633333333333333,0.0191802753762407,0.0234390009606147,0.0267050912584053,2.5866666666666664,0.0016666666666666,0.0683333333333333,0.4044444444444444,0.0026069,0.0143631,0.012806,0.0181175999999999,0.0234041,0.0261129,0.0256921,0.0224054,0.0178084,0.0137189,0.0102793,0.0071108,0.0041883,0.0013863,0.0103424,0.0125494,0.0151976,0.0210303,0.0250098,0.0262789,0.0243308,0.0201765,0.0158093,0.0118575,0.0086453,0.0056726,0.0027177,-4.040353874360111,1.5301150988919092,1.1351060840386078,0.0027343,0.0105242,0.014485,0.0127886,0.0133904,0.0158395,0.0184177,0.0209559,0.0232853,0.0250806,0.0258812,0.0259577,0.0253747,0.0239203,0.0219704,0.0199247,0.0176405,0.0154183,0.0135657,0.0117954,0.0101948,0.008655,0.0071646999999999,0.0058008999999999,0.0043887,0.0029224,0.0015065,-88.57366256801878,-44.2608517348264,-132.83451430284515,22.11
CYS,a99SBdisp,0.2401565,0.234416,0.3009439200444198,0.4025541365907829,0.4358689616879511,0.0172167339029891,0.0230297639846256,0.0249356754868015,2.4325374791782344,0.0022209883398112,0.0988339811215991,0.4963908939478068,0.0016596999999999,0.0137088,0.0133454,0.0186,0.0235872,0.0265569,0.025723,0.0223083,0.0178915,0.0138104,0.0103163,0.0070151,0.0041256,0.0013518999999999,0.0088747,0.0125846,0.015908,0.0211674,0.0254865999999999,0.0265434,0.0241989,0.0201288999999999,0.0158747,0.0120356,0.0086407,0.0055061,0.0026832,-3.590634141642851,1.5303593228336698,-0.6860499281801137,0.0018614999999999,0.0093677,0.014535,0.0137971,0.0144199999999999,0.016651,0.0190805,0.0213115,0.0233959,0.0245857,0.0252869,0.02558,0.0251108,0.0237865999999999,0.0217724,0.0197613,0.0175426,0.0152404,0.0133961,0.0118277,0.0103702999999999,0.0088792,0.0073871,0.0058798,0.0043775,0.0029373,0.0014636,-87.25797228557524,-44.73559974557328,-131.99357203114852,21.94
CYS,C36m,0.199792,0.200062,0.1639672065586882,0.2599480103979204,0.3375324935012997,0.0102304342944119,0.0162189811984579,0.0210597232792284,2.58008398320336,0.0051989602079584,0.0767846430713857,0.4219156168766246,0.0029973,0.0194354,0.0182298,0.0200234,0.0213801,0.0216308,0.0208532,0.0191052,0.0167975,0.0141543,0.0112049,0.0078408,0.0047337,0.0016137,0.0126986,0.0186321,0.0191667999999999,0.0207659,0.0216806,0.0214071,0.0200168999999999,0.0179497,0.0155121,0.012739,0.0095313,0.0062818,0.0031720999999999,13.765726245832637,-8.884983141349304,4.629485196993598,0.0029515,0.0123992,0.0190761,0.0185166,0.0181973,0.0191407,0.0200564999999999,0.0207933,0.0213812,0.0216317,0.0216903,0.0215216,0.0209759,0.0200738,0.0190364999999999,0.0179993,0.016765,0.0152982999999999,0.0139194,0.0125723,0.0110926,0.0096379,0.0082022,0.0066451,0.0050355,0.0033277,0.0016199,-70.43643848902313,-42.94703494055755,-113.38347342958068,20.72
ARG,a03ws,0.2381435,0.2367255,0.4688888888888889,0.4938888888888889,0.5355555555555556,0.0175555370663116,0.0184915550378567,0.0200515849904318,5.9783333333333335,0.0,0.0005555555555555,0.0072222222222222,0.0028413,0.0152213,0.0132408,0.0182398,0.0227174,0.0256713,0.0255653,0.0220634,0.0175126,0.0136963,0.0102936,0.0072102,0.0042915,0.0014351,0.0111622,0.0129404,0.0157135,0.0205717,0.0243864,0.0261173,0.0241634,0.0198122,0.0154147,0.0119586,0.0087659,0.0057516,0.0028537,-2.5567177717813503,0.8404275282007948,2.1355137166914275,0.0027343,0.0105242,0.014485,0.0127886,0.0133904,0.0158395,0.0184177,0.0209559,0.0232853,0.0250806,0.0258812,0.0259577,0.0253747,0.0239203,0.0219704,0.0199247,0.0176405,0.0154183,0.0135657,0.0117954,0.0101948,0.008655,0.0071646999999999,0.0058008999999999,0.0043887,0.0029224,0.0015065,-147.370708146675,-75.91976937524403,-223.29047752191903,35.72
ARG,a99SBdisp,0.237738,0.234416,0.4664075513603553,0.5224875069405885,0.4908384230982787,0.0174825174825174,0.019584582084582,0.0183982683982683,6.254858411993337,0.0,0.0,0.0005552470849528,0.0018302,0.0145885,0.0137956,0.0189367,0.0230435,0.0257150999999999,0.0253693,0.0221782999999999,0.0178632,0.0135356,0.010279,0.0072651999999999,0.0042236,0.0013764,0.0094511,0.0134044,0.0161643,0.0211622,0.0247124,0.0259797,0.0239842,0.0200489,0.0156154,0.0118393,0.0087666999999999,0.0057426,0.0027832,-1.7109699512280303,0.2601736100550226,0.0973860054791121,0.0018614999999999,0.0093677,0.014535,0.0137971,0.0144199999999999,0.016651,0.0190805,0.0213115,0.0233959,0.0245857,0.0252869,0.02558,0.0251108,0.0237865999999999,0.0217724,0.0197613,0.0175426,0.0152404,0.0133961,0.0118277,0.0103702999999999,0.0088792,0.0073871,0.0058798,0.0043775,0.0029373,0.0014636,-163.3718495537783,-78.73554683024464,-242.107396384023,35.53
ARG,C36m,0.1984039999999999,0.200062,0.2681463707258548,0.3011397720455909,0.3577284543091382,0.0108431104606502,0.0121772739401486,0.01446556645347,6.98620275944811,0.0,0.0,0.0,0.0031320999999999,0.0203131,0.0186552,0.0199081,0.0210856,0.0215040999999999,0.0207866999999999,0.0188940999999999,0.0163827,0.013752,0.0110431,0.0081061,0.0048179999999999,0.0016189999999999,0.0132006,0.0194058,0.0192467,0.0205483,0.0213952,0.0213081,0.0199849,0.0176638,0.0150919,0.0124014,0.0096197,0.0064557999999999,0.0032223,15.129293950230906,-8.9657541609792,5.203364791535799,0.0029515,0.0123992,0.0190761,0.0185166,0.0181973,0.0191407,0.0200564999999999,0.0207933,0.0213812,0.0216317,0.0216903,0.0215216,0.0209759,0.0200738,0.0190364999999999,0.0179993,0.016765,0.0152982999999999,0.0139194,0.0125723,0.0110926,0.0096379,0.0082022,0.0066451,0.0050355,0.0033277,0.0016199,-224.49214156706705,-48.280703957246544,-272.77284552431354,33.8
HIS,a03ws,0.240575,0.2367255,0.4972222222222222,0.5733333333333334,0.5438888888888889,0.0219508007750226,0.0253108674858362,0.0240109876634047,3.735,0.0011111111111111,0.0194444444444444,0.1422222222222222,0.0026662,0.0144029,0.012609,0.0181996,0.0232696,0.0262273999999999,0.0256793999999999,0.0224356,0.0177549,0.0137512,0.0103542,0.007098,0.0041717,0.0013801,0.0105574,0.0121358,0.015311,0.0209431,0.0250432,0.0264559,0.0243852,0.0199775999999999,0.0157175,0.0121031,0.008588,0.0056333,0.0027836,-4.299479588197576,1.9084501762223984,1.3888750267884111,0.0027343,0.0105242,0.014485,0.0127886,0.0133904,0.0158395,0.0184177,0.0209559,0.0232853,0.0250806,0.0258812,0.0259577,0.0253747,0.0239203,0.0219704,0.0199247,0.0176405,0.0154183,0.0135657,0.0117954,0.0101948,0.008655,0.0071646999999999,0.0058008999999999,0.0043887,0.0029224,0.0015065,-97.39005342088174,-72.38586337062421,-169.77591679150595,29.43
HIS,a99SBdisp,0.2398875,0.234416,0.4275402554136591,0.5391449194891726,0.495835646862854,0.0193205198976263,0.0243639283384352,0.02240678476439,4.8289838978345365,0.0,0.0005552470849528,0.0222098833981121,0.0017744,0.0141874999999999,0.0136481,0.0188289,0.0231654,0.0258426,0.0256291,0.0223483999999999,0.0179096,0.0138532999999999,0.0102224999999999,0.0070086,0.004165,0.0014167,0.0090301,0.0131329,0.016202,0.021168,0.0247499,0.0262726,0.024187,0.0202113,0.0157007,0.0120954,0.008485,0.0056281,0.0027908,-2.590543926127185,0.3051681466281023,-0.4592929851151273,0.0018614999999999,0.0093677,0.014535,0.0137971,0.0144199999999999,0.016651,0.0190805,0.0213115,0.0233959,0.0245857,0.0252869,0.02558,0.0251108,0.0237865999999999,0.0217724,0.0197613,0.0175426,0.0152404,0.0133961,0.0118277,0.0103702999999999,0.0088792,0.0073871,0.0058798,0.0043775,0.0029373,0.0014636,-149.00397002916085,-63.59821604377911,-212.60218607294,28.78
HIS,C36m,0.1989115,0.200062,0.2701459708058388,0.3247350529894021,0.3739252149570086,0.013018926107235,0.0156496935589561,0.0180202752187487,5.062187562487503,0.0,0.000999800039992,0.0147970405918816,0.0030557,0.0196603,0.0185171,0.0200769999999999,0.0212814,0.0216338999999999,0.0208418,0.0189405,0.0165792999999999,0.0139717,0.0111566,0.0078961,0.0047843999999999,0.001604,0.0127938,0.0189872,0.0192426,0.0208222,0.0215568,0.0213504,0.0200523,0.0177481,0.015277,0.0126707,0.0095367,0.0063219,0.0032026,14.503656727467847,-8.84996876014493,4.6876785516596,0.0029515,0.0123992,0.0190761,0.0185166,0.0181973,0.0191407,0.0200564999999999,0.0207933,0.0213812,0.0216317,0.0216903,0.0215216,0.0209759,0.0200738,0.0190364999999999,0.0179993,0.016765,0.0152982999999999,0.0139194,0.0125723,0.0110926,0.0096379,0.0082022,0.0066451,0.0050355,0.0033277,0.0016199,-139.4556581502175,-44.08655308566085,-183.54221123587837,27.29
GLY,a03ws,0.2368124999999999,0.2367255,0.1711111111111111,0.2683333333333333,0.3205555555555555,0.0129536947470244,0.020313748580561,0.0242671489254321,2.045,0.0238888888888888,0.2538888888888889,0.6988888888888889,0.0026017,0.0144926,0.0127876,0.0183289,0.0233513,0.0261603,0.0254584,0.0219041,0.0178079,0.0138053,0.0103668999999999,0.0072894,0.0041962,0.0014493,0.01053,0.0123445,0.0155071999999999,0.0210906,0.0250268,0.0261551,0.0240753999999999,0.0197928,0.0156177,0.0121065999999999,0.0088229,0.0057149,0.0028112,-3.2948662435945373,1.6755122043403847,1.4514392345985088,0.0027343,0.0105242,0.014485,0.0127886,0.0133904,0.0158395,0.0184177,0.0209559,0.0232853,0.0250806,0.0258812,0.0259577,0.0253747,0.0239203,0.0219704,0.0199247,0.0176405,0.0154183,0.0135657,0.0117954,0.0101948,0.008655,0.0071646999999999,0.0058008999999999,0.0043887,0.0029224,0.0015065,-51.06618432551623,-28.50682999584348,-79.57301432135971,17.08
GLY,a99SBdisp,0.2343925,0.234416,0.167129372570794,0.2698500832870627,0.3103831204886174,0.012699886080756,0.0205054639044766,0.0235855027214041,2.319822320932816,0.005552470849528,0.1421432537479178,0.5558023320377568,0.0017565,0.0143293,0.0137108,0.0191763,0.0235591,0.0255629,0.0248922,0.0219863,0.0177327,0.0140873,0.0103533,0.0071386,0.0043088,0.001406,0.0093488,0.0130265,0.0163445,0.0216879,0.0248765,0.0254971999999999,0.0237271,0.0199367,0.0157082,0.0122015,0.0087042,0.0057158999999999,0.0028757,-1.1690296378623986,0.2669068387837634,0.0444204242207906,0.0018614999999999,0.0093677,0.014535,0.0137971,0.0144199999999999,0.016651,0.0190805,0.0213115,0.0233959,0.0245857,0.0252869,0.02558,0.0251108,0.0237865999999999,0.0217724,0.0197613,0.0175426,0.0152404,0.0133961,0.0118277,0.0103702999999999,0.0088792,0.0073871,0.0058798,0.0043775,0.0029373,0.0014636,-73.82465152025223,-24.067204868249345,-97.89185638850158,17.1
GLY,C36m,0.1976119999999999,0.200062,0.0765846830633873,0.1327734453109378,0.1981603679264147,0.0064110075157764,0.0111146448837481,0.0165882727105338,2.540291941611678,0.00499900019996,0.0973805238952209,0.4567086582683463,0.003044,0.0195846999999999,0.0185005,0.0201315,0.0213743,0.0216486,0.0207979999999999,0.0187244,0.0165287,0.0140577,0.0111167,0.0080657,0.0047925,0.0016328,0.0127712,0.0188508999999999,0.0192813,0.0209914,0.0215396,0.0214176,0.0198578999999999,0.0175707,0.0153565,0.0126641,0.009588,0.0064537,0.0032164,14.723502185696596,-8.693411101899141,4.723206184486132,0.0029515,0.0123992,0.0190761,0.0185166,0.0181973,0.0191407,0.0200564999999999,0.0207933,0.0213812,0.0216317,0.0216903,0.0215216,0.0209759,0.0200738,0.0190364999999999,0.0179993,0.016765,0.0152982999999999,0.0139194,0.0125723,0.0110926,0.0096379,0.0082022,0.0066451,0.0050355,0.0033277,0.0016199,-67.91728929318488,-20.275420214301423,-88.19270950748633,15.86
THR,a03ws,0.238036,0.2367255,0.3527777777777778,0.4205555555555555,0.4472222222222222,0.0197015295833204,0.0234867053457851,0.024975954826099,4.333333333333333,0.0,0.0011111111111111,0.0311111111111111,0.0025622,0.0144629,0.0129460999999999,0.0182145999999999,0.0234362,0.0264889,0.0256877,0.0219195,0.0177597,0.0136244,0.0100407999999999,0.0071792,0.0042327,0.0014455,0.0104331,0.0124984,0.015341,0.0210706999999999,0.0252946,0.0265578,0.0241218,0.0198297,0.0155731999999999,0.0117026,0.0086865,0.0056798,0.0028577,-3.4856146660042,2.431023637744821,1.1459166846247044,0.0027343,0.0105242,0.014485,0.0127886,0.0133904,0.0158395,0.0184177,0.0209559,0.0232853,0.0250806,0.0258812,0.0259577,0.0253747,0.0239203,0.0219704,0.0199247,0.0176405,0.0154183,0.0135657,0.0117954,0.0101948,0.008655,0.0071646999999999,0.0058008999999999,0.0043887,0.0029224,0.0015065,-117.7060341829434,-41.63889213577382,-159.34492631871723,24.04
THR,a99SBdisp,0.239637,0.234416,0.3242642976124375,0.421987784564131,0.4669627984453081,0.0180313696430776,0.0234654810423613,0.0259664073113498,4.272071071626874,0.0,0.0022209883398112,0.0238756246529705,0.00173,0.0141290999999999,0.0135,0.0186839,0.0235627,0.0261295,0.0256647,0.0222627,0.0178117,0.0137886,0.0101634,0.0070735999999999,0.0040908,0.0014092,0.0091111,0.0129188,0.0159953,0.0213128,0.0250026,0.0264628999999999,0.0242114,0.0201064,0.0156743,0.0120066999999999,0.0085464999999999,0.0055685,0.0027318999999999,-2.8789551156629405,1.1691540890150176,-0.4224856838426908,0.0018614999999999,0.0093677,0.014535,0.0137971,0.0144199999999999,0.016651,0.0190805,0.0213115,0.0233959,0.0245857,0.0252869,0.02558,0.0251108,0.0237865999999999,0.0217724,0.0197613,0.0175426,0.0152404,0.0133961,0.0118277,0.0103702999999999,0.0088792,0.0073871,0.0058798,0.0043775,0.0029373,0.0014636,-127.44854077322408,-42.144892473962464,-169.5934332471866,23.89
THR,C36m,0.198959,0.200062,0.1645670865826834,0.2275544891021795,0.2995400919816037,0.0100359734162551,0.0138772026095969,0.0182671788305591,4.66746650669866,0.0,0.0021995600879824,0.0201959608078384,0.0030864,0.0197989,0.0184314,0.0201953,0.0212665,0.02173,0.0208069,0.0189849,0.0166243,0.0139165,0.0110313,0.0078263,0.0047366,0.0015645,0.0129392,0.0188908,0.0193682,0.0208345,0.0215865999999999,0.0214187,0.0200124,0.0178442,0.0152655999999999,0.012569,0.0094273,0.0062634,0.0031504,14.509733479146218,-8.547573924589198,4.732918363998173,0.0029515,0.0123992,0.0190761,0.0185166,0.0181973,0.0191407,0.0200564999999999,0.0207933,0.0213812,0.0216317,0.0216903,0.0215216,0.0209759,0.0200738,0.0190364999999999,0.0179993,0.016765,0.0152982999999999,0.0139194,0.0125723,0.0110926,0.0096379,0.0082022,0.0066451,0.0050355,0.0033277,0.0016199,-121.44854774359496,-28.730716235278123,-150.1792639788731,22.83
ASN,a03ws,0.236461,0.2367255,0.4416666666666666,0.5461111111111111,0.5216666666666666,0.0217397249036068,0.0268806912959063,0.0256774863955809,4.259444444444444,0.0011111111111111,0.0094444444444444,0.0716666666666666,0.0026092,0.0146755,0.0129232,0.0181552,0.0233398,0.0261928,0.0254069,0.0218853,0.0177561,0.0137139,0.0104092,0.0071044,0.0043386,0.0014896,0.0106489,0.0124309,0.0154305,0.020942,0.0251272,0.0261996,0.0239476,0.0198886,0.0156114,0.0120527999999999,0.0087487,0.0056256,0.0029475,-3.206788679421496,1.718973584530799,1.5827652092459046,0.0027343,0.0105242,0.014485,0.0127886,0.0133904,0.0158395,0.0184177,0.0209559,0.0232853,0.0250806,0.0258812,0.0259577,0.0253747,0.0239203,0.0219704,0.0199247,0.0176405,0.0154183,0.0135657,0.0117954,0.0101948,0.008655,0.0071646999999999,0.0058008999999999,0.0043887,0.0029224,0.0015065,-98.46049556356157,-53.85159783033986,-152.31209339390142,25.23
ASN,a99SBdisp,0.235194,0.234416,0.4275402554136591,0.4153248195446974,0.5235980011104941,0.0212648439657553,0.0206572769953051,0.0260425296879315,5.1143808995002775,0.0,0.0011104941699056,0.0105496946141032,0.0018495,0.0145318,0.0140686,0.0190528,0.0231274,0.0256238,0.025241,0.0217978,0.0177016,0.0137343,0.0102843999999999,0.0073024,0.0043056,0.0013789,0.0094875,0.0133494,0.0164463,0.0214101,0.0246156999999999,0.0257939999999999,0.0238425,0.0195978,0.0157689,0.0119624,0.0087266,0.0058829999999999,0.0027835,-0.8911674775467353,0.1947212269477385,0.1574191404014592,0.0018614999999999,0.0093677,0.014535,0.0137971,0.0144199999999999,0.016651,0.0190805,0.0213115,0.0233959,0.0245857,0.0252869,0.02558,0.0251108,0.0237865999999999,0.0217724,0.0197613,0.0175426,0.0152404,0.0133961,0.0118277,0.0103702999999999,0.0088792,0.0073871,0.0058798,0.0043775,0.0029373,0.0014636,-140.6743210085202,-46.87885813004611,-187.5531791385663,25.2
ASN,C36m,0.1992775,0.200062,0.2391521695660868,0.3201359728054389,0.3583283343331334,0.0128864035513031,0.0172501104394953,0.0193080561571365,5.226754649070186,0.0,0.0013997200559888,0.0147970405918816,0.0030478,0.0195458,0.0184256,0.0201397,0.0212334,0.0217352,0.0209389,0.0189166,0.0165412,0.0139812,0.0111347,0.0079855,0.0048167,0.0015577,0.0127435,0.0188651,0.0192407,0.0207526,0.0216654999999999,0.0214977,0.0200225,0.0177081,0.0153487,0.0125251,0.0096242999999999,0.0063869,0.0031993,14.31477534143474,-8.624578838438644,4.6472339601242885,0.0029515,0.0123992,0.0190761,0.0185166,0.0181973,0.0191407,0.0200564999999999,0.0207933,0.0213812,0.0216317,0.0216903,0.0215216,0.0209759,0.0200738,0.0190364999999999,0.0179993,0.016765,0.0152982999999999,0.0139194,0.0125723,0.0110926,0.0096379,0.0082022,0.0066451,0.0050355,0.0033277,0.0016199,-113.66936035999797,-38.61358847481432,-152.28294883481232,23.59
SER,a03ws,0.235645,0.2367255,0.2644444444444444,0.3461111111111111,0.415,0.0159415921497705,0.0208647309019056,0.0250175826384004,4.043888888888889,0.0005555555555555,0.0077777777777777,0.0555555555555555,0.0026769,0.0149199,0.0133464,0.0182975999999999,0.0231808999999999,0.025861,0.0252248,0.0219042,0.0174952,0.0136247,0.0104281,0.0073104,0.0043091,0.001421,0.0108138,0.0129255,0.0155185,0.0211044,0.0248508,0.0259046,0.0238239999999999,0.0197303,0.0154773999999999,0.01201,0.0087691,0.0058223,0.0028554,-2.113124004806048,1.20308080339481,1.7731855785758168,0.0027343,0.0105242,0.014485,0.0127886,0.0133904,0.0158395,0.0184177,0.0209559,0.0232853,0.0250806,0.0258812,0.0259577,0.0253747,0.0239203,0.0219704,0.0199247,0.0176405,0.0154183,0.0135657,0.0117954,0.0101948,0.008655,0.0071646999999999,0.0058008999999999,0.0043887,0.0029224,0.0015065,-116.0996027826192,-30.741947094928975,-146.84154987754818,21.37
SER,a99SBdisp,0.2362095,0.234416,0.2692948362021099,0.368128817323709,0.4114380899500278,0.0161086754351003,0.022020725388601,0.0246113989637305,3.820099944475292,0.0005552470849528,0.0066629650194336,0.0927262631871182,0.0018027,0.0144005,0.0140384,0.0189168,0.023132,0.0256788,0.0254613,0.0217806,0.0177386,0.0138036999999999,0.010289,0.0072771,0.0042644,0.001416,0.0092548,0.0133940999999999,0.0163946,0.0212705,0.0247909,0.0258472,0.0239136,0.0197302,0.0156759,0.0120263,0.0088068,0.0056647999999999,0.0028427,-1.245641459179605,0.144610626761284,-0.10044932466321,0.0018614999999999,0.0093677,0.014535,0.0137971,0.0144199999999999,0.016651,0.0190805,0.0213115,0.0233959,0.0245857,0.0252869,0.02558,0.0251108,0.0237865999999999,0.0217724,0.0197613,0.0175426,0.0152404,0.0133961,0.0118277,0.0103702999999999,0.0088792,0.0073871,0.0058798,0.0043775,0.0029373,0.0014636,-107.48538182148012,-36.02832570372399,-143.5137075252041,21.77
SER,C36m,0.1985225,0.200062,0.1355728854229154,0.1849630073985202,0.2479504099180164,0.00899132695011,0.0122669283611383,0.0164443147760125,4.547690461907618,0.0,0.0011997600479904,0.0251949610077984,0.0031196,0.0198221,0.018614,0.0201138,0.0212848,0.0216775999999999,0.020823,0.0188815,0.016401,0.0139353,0.0110981,0.0079337,0.0047037,0.0015919,0.01291,0.019121,0.0193040999999999,0.0208217,0.0215435,0.0215406,0.0199403,0.0176786,0.0151865999999999,0.0125378,0.0094865,0.0063706,0.0031231,14.83051446019802,-8.60789875344158,4.743067392586514,0.0029515,0.0123992,0.0190761,0.0185166,0.0181973,0.0191407,0.0200564999999999,0.0207933,0.0213812,0.0216317,0.0216903,0.0215216,0.0209759,0.0200738,0.0190364999999999,0.0179993,0.016765,0.0152982999999999,0.0139194,0.0125723,0.0110926,0.0096379,0.0082022,0.0066451,0.0050355,0.0033277,0.0016199,-112.12624562145676,-23.44936768273622,-135.57561330419298,19.89
LYS,a03ws,0.2371285,0.2367255,0.3038888888888889,0.3761111111111111,0.3755555555555555,0.0131613772527128,0.0162893096893722,0.0162652486706287,4.280555555555556,0.0,0.0044444444444444,0.0461111111111111,0.0029024,0.0153864,0.0134494,0.0182281,0.0227975,0.0255961,0.0254007,0.022025,0.0172572,0.0135647,0.0102358,0.0072733,0.0043926999999999,0.001491,0.0112965,0.0131247999999999,0.0158129,0.0206063,0.024519,0.0259159,0.0240287,0.019673,0.0152753,0.0118244,0.0087454,0.0058364,0.0029138999999999,-1.842944197520621,1.0018128360084535,2.269027593927121,0.0027343,0.0105242,0.014485,0.0127886,0.0133904,0.0158395,0.0184177,0.0209559,0.0232853,0.0250806,0.0258812,0.0259577,0.0253747,0.0239203,0.0219704,0.0199247,0.0176405,0.0154183,0.0135657,0.0117954,0.0101948,0.008655,0.0071646999999999,0.0058008999999999,0.0043887,0.0029224,0.0015065,-151.2159420002997,-63.795228249017526,-215.0111702493172,32.51
LYS,a99SBdisp,0.2328575,0.234416,0.2631871182676291,0.3514714047751249,0.3808995002776235,0.011490909090909,0.0153454545454545,0.016630303030303,4.8289838978345365,0.0,0.0011104941699056,0.0127706829539144,0.0018886,0.0151945999999999,0.0145431,0.0189028,0.0228839,0.025439,0.0250913,0.0214801999999999,0.0175456,0.013565,0.010483,0.0072788,0.0042999,0.0014044,0.0098478,0.0140221,0.01662,0.0210159,0.0244766,0.0256739,0.0235596,0.0194649,0.0155284,0.0119754,0.0088226,0.0057978,0.0028395,0.2903695126638452,-0.3672459762134727,0.5982254101423625,0.0018614999999999,0.0093677,0.014535,0.0137971,0.0144199999999999,0.016651,0.0190805,0.0213115,0.0233959,0.0245857,0.0252869,0.02558,0.0251108,0.0237865999999999,0.0217724,0.0197613,0.0175426,0.0152404,0.0133961,0.0118277,0.0103702999999999,0.0088792,0.0073871,0.0058798,0.0043775,0.0029373,0.0014636,-185.9832074705814,-57.449408024169216,-243.43261549475065,32.15
LYS,C36m,0.1973089999999999,0.200062,0.1625674865026994,0.2107578484303139,0.2683463307338532,0.0076948558989162,0.0099758648431214,0.0127017178552837,5.182163567286542,0.0,0.0003999200159968,0.0037992401519696,0.0032542,0.0203714,0.0187611,0.0199548999999999,0.0209574,0.0214859999999999,0.0208196,0.0186422,0.0163873,0.013861,0.0110847999999999,0.0080159,0.0048079,0.0015967,0.0133325,0.0195588,0.0192485,0.0205495,0.0213457999999999,0.021301,0.0198719,0.0175164,0.0151109,0.0124949,0.0096053,0.0064239,0.0031834,15.43028185665193,-9.114667631856404,5.337431698058056,0.0029515,0.0123992,0.0190761,0.0185166,0.0181973,0.0191407,0.0200564999999999,0.0207933,0.0213812,0.0216317,0.0216903,0.0215216,0.0209759,0.0200738,0.0190364999999999,0.0179993,0.016765,0.0152982999999999,0.0139194,0.0125723,0.0110926,0.0096379,0.0082022,0.0066451,0.0050355,0.0033277,0.0016199,-221.25714475821005,-33.56689459869091,-254.82403935690095,31.22
GLN,a03ws,0.2371644999999999,0.2367255,0.4322222222222222,0.5166666666666667,0.5294444444444445,0.0203287084215202,0.0243003841028454,0.0249013613440986,6.292222222222223,0.0,0.0,0.0011111111111111,0.0026881,0.0148092,0.0133563,0.018262,0.0232624,0.0258699,0.0254942,0.0219387,0.0176144999999999,0.0136987,0.0101866,0.0070655,0.0042635,0.0014902,0.0107489,0.0128679,0.0156653,0.0211499,0.0246914,0.0261443999999999,0.0241391,0.0195671,0.0156959,0.0118387,0.0085798,0.0056425,0.0028592,-2.438741824253273,1.434401131203742,1.5174134679591975,0.0027343,0.0105242,0.014485,0.0127886,0.0133904,0.0158395,0.0184177,0.0209559,0.0232853,0.0250806,0.0258812,0.0259577,0.0253747,0.0239203,0.0219704,0.0199247,0.0176405,0.0154183,0.0135657,0.0117954,0.0101948,0.008655,0.0071646999999999,0.0058008999999999,0.0043887,0.0029224,0.0015065,-192.0087444190285,-46.81323890791314,-238.82198332694168,27.55
GLN,a99SBdisp,0.2376735,0.234416,0.4142143253747918,0.5363686840644086,0.5147140477512493,0.0191660457826991,0.0248182308660689,0.0238162526012897,5.865074958356469,0.0,0.0,0.0033314825097168,0.0017729999999999,0.0142335999999999,0.0138388,0.0190025,0.0233007,0.0259083999999999,0.0254563,0.0220783999999999,0.0177794999999999,0.0137171,0.010097,0.0071325,0.0043105,0.0013718,0.0092643,0.0131439,0.0163028,0.0213963,0.0248058,0.0260739,0.0241226,0.0198602999999999,0.0156414,0.011899,0.008646,0.0056191,0.0028827,-1.8031620721684305,0.7869175864879089,-0.2467197551242185,0.0018614999999999,0.0093677,0.014535,0.0137971,0.0144199999999999,0.016651,0.0190805,0.0213115,0.0233959,0.0245857,0.0252869,0.02558,0.0251108,0.0237865999999999,0.0217724,0.0197613,0.0175426,0.0152404,0.0133961,0.0118277,0.0103702999999999,0.0088792,0.0073871,0.0058798,0.0043775,0.0029373,0.0014636,-173.44456928872037,-51.60628147992377,-225.05085076864407,28.07
GLN,C36m,0.199101,0.200062,0.2731453709258148,0.3311337732453509,0.3979204159168166,0.0137251946747048,0.0166390354182366,0.019994976136649,5.47370525894821,0.0,0.0003999200159968,0.0077984403119376,0.0030195,0.0194121999999999,0.0181867,0.0202158,0.0213843,0.0218054,0.020906,0.0189142,0.0166655,0.0139657,0.0111704,0.0080079,0.00476,0.0015861999999999,0.0126719,0.0186887,0.0191703,0.0208653,0.0216638,0.0215847,0.020002,0.0178443,0.0152949,0.0126433,0.0095623,0.0064164,0.0031628,14.01235926720371,-8.440869313444752,4.572598833965727,0.0029515,0.0123992,0.0190761,0.0185166,0.0181973,0.0191407,0.0200564999999999,0.0207933,0.0213812,0.0216317,0.0216903,0.0215216,0.0209759,0.0200738,0.0190364999999999,0.0179993,0.016765,0.0152982999999999,0.0139194,0.0125723,0.0110926,0.0096379,0.0082022,0.0066451,0.0050355,0.0033277,0.0016199,-125.60820767696131,-43.85951029588819,-169.46771797284953,26.36
ASP,a03ws,0.2286315,0.2367255,0.4438888888888889,0.5627777777777778,0.5883333333333334,0.022554056342799,0.0285948173657765,0.0298932987071642,7.613888888888889,0.0,0.0,0.0,0.0028223,0.0152061,0.0137208,0.0190916,0.0234397,0.0253124,0.0244213,0.021305,0.0173387,0.0136093,0.0103982,0.0073808,0.00447,0.001484,0.0110718999999999,0.0132972,0.0163062,0.021567,0.0246115,0.0251048,0.0230934,0.0193849,0.0153678,0.0120034,0.0088904999999999,0.0059198,0.002961,0.5784963813528053,0.7412026292904095,2.042344040122644,0.0027343,0.0105242,0.014485,0.0127886,0.0133904,0.0158395,0.0184177,0.0209559,0.0232853,0.0250806,0.0258812,0.0259577,0.0253747,0.0239203,0.0219704,0.0199247,0.0176405,0.0154183,0.0135657,0.0117954,0.0101948,0.008655,0.0071646999999999,0.0058008999999999,0.0043887,0.0029224,0.0015065,-348.6442100824183,-14.430300599694617,-363.0745106821129,22.81
ASP,a99SBdisp,0.2250029999999999,0.234416,0.3942254303164908,0.5063853414769572,0.4869516935036091,0.0203327701251467,0.026117586414273,0.0251152667602165,7.853970016657413,0.0,0.0,0.0,0.001916,0.0150531,0.0148656999999999,0.019941,0.0235068,0.0247843,0.0241103,0.0208903,0.0173198,0.0138614,0.0104609,0.007436,0.004377,0.0014776,0.0097227,0.0141011,0.0174158999999999,0.0218807,0.0244456,0.0249083,0.0226244,0.019035,0.0155655,0.0121385,0.0089952,0.0059033,0.0028639,3.022167407046122,-0.7064735666422466,0.4797788427191041,0.0018614999999999,0.0093677,0.014535,0.0137971,0.0144199999999999,0.016651,0.0190805,0.0213115,0.0233959,0.0245857,0.0252869,0.02558,0.0251108,0.0237865999999999,0.0217724,0.0197613,0.0175426,0.0152404,0.0133961,0.0118277,0.0103702999999999,0.0088792,0.0073871,0.0058798,0.0043775,0.0029373,0.0014636,-408.0159665161581,-9.782589495238591,-417.7985560113968,22.3
ASP,C36m,0.192151,0.200062,0.274745050989802,0.3999200159968006,0.4473105378924215,0.0149669941831332,0.0217860177338184,0.0243676608352759,8.926614677064586,0.0,0.0,0.0,0.0031236,0.019908,0.0193660999999999,0.0208583,0.0213003,0.0208100999999999,0.0199876,0.0184426,0.0163377,0.013873,0.011279,0.008111,0.0049653,0.0016375,0.0129625,0.0194626,0.0202093,0.0212316,0.0211128999999999,0.0204772,0.0193563,0.017378,0.0151387,0.0126801,0.0096916,0.0065429,0.0032987,17.612281515200138,-9.884263030503313,4.90884462216632,0.0029515,0.0123992,0.0190761,0.0185166,0.0181973,0.0191407,0.0200564999999999,0.0207933,0.0213812,0.0216317,0.0216903,0.0215216,0.0209759,0.0200738,0.0190364999999999,0.0179993,0.016765,0.0152982999999999,0.0139194,0.0125723,0.0110926,0.0096379,0.0082022,0.0066451,0.0050355,0.0033277,0.0016199,-393.8829972582171,-1.1046943219855647,-394.9876915802026,21.69
GLU,a03ws,0.225169,0.2367255,0.5866666666666667,0.6238888888888889,0.6138888888888889,0.0271472274351525,0.0288696367515874,0.0284068999203064,9.075555555555557,0.0,0.0,0.0,0.0028826999999999,0.0153327,0.0139872,0.0193237,0.023481,0.0250244,0.0240675,0.0209663,0.0173714999999999,0.0136242,0.0104897,0.0074344,0.0045246999999999,0.00149,0.0112595,0.0133178,0.0166181,0.0216111,0.0245422,0.0248819,0.0228148,0.0192257,0.015361,0.0119935,0.0089602,0.0060523999999999,0.0029423,1.5848845371424511,0.4897171249988752,2.30355537075344,0.0027343,0.0105242,0.014485,0.0127886,0.0133904,0.0158395,0.0184177,0.0209559,0.0232853,0.0250806,0.0258812,0.0259577,0.0253747,0.0239203,0.0219704,0.0199247,0.0176405,0.0154183,0.0135657,0.0117954,0.0101948,0.008655,0.0071646999999999,0.0058008999999999,0.0043887,0.0029224,0.0015065,-500.66645507764537,-7.461512306748137,-508.1279673843935,26.04
GLU,a99SBdisp,0.2274325,0.234416,0.5158245419211549,0.5652415324819545,0.5830094392004442,0.0242097308003022,0.0265290699189534,0.0273629896020639,8.345918933925597,0.0,0.0,0.0,0.001976,0.0146292,0.014595,0.0199071,0.0237496,0.0250698,0.0242069,0.0212796,0.0172255,0.0136131,0.0104018,0.0074659,0.004439,0.0014417,0.0096599,0.0135329,0.0173335,0.0220803,0.0247496,0.0248699,0.0230718,0.0192835999999999,0.015245,0.0120136,0.0088682,0.0059783,0.0029546,2.181784821362778,0.2980628873959456,0.2858072714259091,0.0018614999999999,0.0093677,0.014535,0.0137971,0.0144199999999999,0.016651,0.0190805,0.0213115,0.0233959,0.0245857,0.0252869,0.02558,0.0251108,0.0237865999999999,0.0217724,0.0197613,0.0175426,0.0152404,0.0133961,0.0118277,0.0103702999999999,0.0088792,0.0073871,0.0058798,0.0043775,0.0029373,0.0014636,-467.7833065610612,-12.164685731367692,-479.9479922924288,25.54
GLU,C36m,0.191497,0.200062,0.3707258548290342,0.4969006198760248,0.5028994201159768,0.0178212682514202,0.0238866513510136,0.0241750213874443,9.566686662667466,0.0,0.0,0.0,0.0031556,0.0198356,0.0192216,0.0208387999999999,0.021445,0.0210401,0.0200284,0.018271,0.0163209,0.0139499,0.0111749,0.0081189,0.0049603,0.0016389,0.0129308,0.0194474,0.020086,0.021296,0.0212188,0.0206666,0.0193067,0.0173045,0.0151228,0.0126573,0.0096663,0.0065687,0.0032655,17.47346702568787,-9.485979151621118,4.846046040988539,0.0029515,0.0123992,0.0190761,0.0185166,0.0181973,0.0191407,0.0200564999999999,0.0207933,0.0213812,0.0216317,0.0216903,0.0215216,0.0209759,0.0200738,0.0190364999999999,0.0179993,0.016765,0.0152982999999999,0.0139194,0.0125723,0.0110926,0.0096379,0.0082022,0.0066451,0.0050355,0.0033277,0.0016199,-433.8057557161059,-5.8449925870850254,-439.6507483031909,24.94
