category,residue,100-110,105-115,110-120,115-125,120-130,125-135,130-140,135-145,140-150,145-155,150-160,155-165,160-170,165-175,170-180,40-50,45-55,50-60,55-65,60-70,65-75,70-80,75-85,80-90,85-95,90-100,95-105,PC1,PC2,PC3,coulomb_pot,lj_pot,total_pot,INDUS_dewet_FE
singleAA,L,0.0263656,0.0248367,0.0226336,0.0199711,0.0177323,0.015916,0.0141115999999999,0.0120819,0.0102845,0.0086962,0.0070057999999999,0.0054616,0.0039977,0.0026912,0.0013757,0.0016191,0.008571,0.013117,0.0119665,0.0127533,0.0155054,0.01861,0.0214286,0.0238065,0.0256368,0.0265873,0.026881,-5.18276483149694,2.312758114461126,-0.996410568164707,-79.50661287044176,-65.39039436955424,-144.897007239996,1.567
singleAA,F,0.0260951,0.0246074999999999,0.0226987999999999,0.0203803,0.0180593,0.0159549,0.0139099999999999,0.0119727,0.0102187,0.008542,0.0069592,0.0053853,0.003997,0.0027093,0.0013591,0.0016071,0.0087245,0.0133592,0.0120483,0.0127359,0.0154779,0.0186035999999999,0.0212969,0.0237439,0.0255818,0.026653,0.0269611,-5.192760312272668,2.1852854726410094,-0.8762640044812158,-82.61583960087737,-81.07802464928268,-163.69386425016003,1.569
singleAA,I,0.0263525,0.0247863,0.0225103,0.0200778,0.0179399,0.0157951,0.0137553,0.0119148999999999,0.0102387,0.0086203,0.0070224,0.005488,0.0041044,0.0027045,0.0013032999999999,0.0016472,0.0086098,0.0131533,0.0118098,0.012638,0.0156131999999999,0.0184785,0.0212853,0.0237889,0.0257759,0.0270672,0.0272032,-5.435724201414076,2.9443546617797867,-1.050250142496198,-74.26882736435626,-65.2672862379498,-139.53611360230607,1.538
singleAA,V,0.0263523,0.0244465,0.022323,0.0202354,0.0180839,0.0159728999999999,0.0139227999999999,0.0118618,0.0101634,0.008532,0.0069942,0.0056412,0.00408,0.0026639,0.0013327,0.0016961,0.008723,0.0133348,0.0120177,0.0128553,0.0156408,0.0185581,0.0213693,0.0236743999999999,0.0255755999999999,0.0266291,0.0270034,-4.905345938766732,2.280062149322428,-0.8716304131728942,-76.99564248137176,-55.19861829673993,-132.19426077811173,1.56
singleAA,W,0.0261778999999999,0.0245632,0.0224432,0.0203285,0.0180059,0.0158061,0.0138026,0.0120184,0.0102741,0.0085577,0.0070317,0.005501,0.0039483,0.0026227,0.0013538,0.0016955,0.0088022999999999,0.0135843,0.0123868,0.0129914,0.0156708,0.0186424,0.0212168,0.0234764,0.0253586999999999,0.0265725,0.0268097,-4.551729835144149,1.7586238913999084,-0.7907757872393688,-122.1888472166541,-99.5062204974493,-221.69506771410343,1.623
singleAA,Y,0.0257626,0.0243359,0.0223634,0.020087,0.0178211,0.0156904,0.0138059,0.0119467,0.0101656,0.0085861,0.0070918,0.0056244,0.0041471,0.0027045,0.0013454,0.0017108,0.0089873,0.013801,0.0124886,0.0131734,0.0157514,0.0185889,0.0213198,0.0237407,0.0255455,0.0264825,0.0265808999999999,-3.707300535076415,1.958324455652043,-0.5481125338102071,-128.68227868167685,-81.58511935500388,-210.2673980366808,1.612
singleAA,M,0.0259852,0.0245616,0.0223985,0.0203097,0.0181624,0.0158521,0.0138369,0.0120702999999999,0.0103673,0.0087876,0.0071802,0.0055445,0.0041014,0.0026923,0.0013298,0.0016187,0.0087089,0.0135120999999999,0.0122219,0.0127178,0.0154083,0.0185513,0.0212858,0.0236697999999999,0.0255522,0.0265686,0.0266624,-4.820877248357575,1.7587962431059727,-0.6850800953516535,-75.31339330590097,-69.30425710975771,-144.6176504156587,1.553
singleAA,A,0.025994,0.0243976,0.0222180999999999,0.0202697999999999,0.0182893,0.0159836,0.0137865,0.0118824,0.0100658,0.0086112,0.0071337,0.0055391,0.0041516999999999,0.0026594,0.001286,0.0017152,0.0089521,0.0135986,0.0124628,0.0133186,0.0157744,0.0186466,0.0214286,0.023599,0.0251419999999999,0.0261967,0.0265540999999999,-3.892754316228104,1.3899159142836488,-0.6046707655673211,-67.26982203319669,-36.323474551813504,-103.5932965850102,1.657
singleAA,P,0.0261306,0.0243227,0.0222836,0.0200825,0.0177838,0.0156620999999999,0.0138132,0.012047,0.0103476,0.0087834,0.0070815,0.0055799,0.0041551,0.002772,0.0013847,0.0016686,0.0086774,0.0134359,0.0123266,0.0130077,0.0156863,0.0188039,0.0216000999999999,0.0237652,0.0254287,0.0263385,0.0267082,-3.9741219401462766,1.983975529958614,-0.8270291980094977,-65.005738498664,-54.308400581601,-119.314139080265,1.574
singleAA,C,0.025723,0.0241989,0.0223083,0.0201288999999999,0.0178915,0.0158747,0.0138104,0.0120356,0.0103163,0.0086407,0.0070151,0.0055061,0.0041256,0.0026832,0.0013518999999999,0.0016596999999999,0.0088747,0.0137088,0.0125846,0.0133454,0.015908,0.0186,0.0211674,0.0235872,0.0254865999999999,0.0265569,0.0265434,-3.590634141642851,1.5303593228336698,-0.6860499281801137,-87.25797228557524,-44.73559974557328,-131.99357203114852,1.626
singleAA,R,0.0253693,0.0239842,0.0221782999999999,0.0200489,0.0178632,0.0156154,0.0135356,0.0118393,0.010279,0.0087666999999999,0.0072651999999999,0.0057426,0.0042236,0.0027832,0.0013764,0.0018302,0.0094511,0.0145885,0.0134044,0.0137956,0.0161643,0.0189367,0.0211622,0.0230435,0.0247124,0.0257150999999999,0.0259797,-1.7109699512280303,0.2601736100550226,0.0973860054791121,-163.3718495537783,-78.73554683024464,-242.107396384023,1.826
singleAA,H,0.0256291,0.024187,0.0223483999999999,0.0202113,0.0179096,0.0157007,0.0138532999999999,0.0120954,0.0102224999999999,0.008485,0.0070086,0.0056281,0.004165,0.0027908,0.0014167,0.0017744,0.0090301,0.0141874999999999,0.0131329,0.0136481,0.016202,0.0188289,0.021168,0.0231654,0.0247499,0.0258426,0.0262726,-2.590543926127185,0.3051681466281023,-0.4592929851151273,-149.00397002916085,-63.59821604377911,-212.60218607294,1.748
singleAA,G,0.0248922,0.0237271,0.0219863,0.0199367,0.0177327,0.0157082,0.0140873,0.0122015,0.0103533,0.0087042,0.0071386,0.0057158999999999,0.0043088,0.0028757,0.001406,0.0017565,0.0093488,0.0143293,0.0130265,0.0137108,0.0163445,0.0191763,0.0216879,0.0235591,0.0248765,0.0255629,0.0254971999999999,-1.1690296378623986,0.2669068387837634,0.0444204242207906,-73.82465152025223,-24.067204868249345,-97.89185638850158,1.713
singleAA,T,0.0256647,0.0242114,0.0222627,0.0201064,0.0178117,0.0156743,0.0137886,0.0120066999999999,0.0101634,0.0085464999999999,0.0070735999999999,0.0055685,0.0040908,0.0027318999999999,0.0014092,0.00173,0.0091111,0.0141290999999999,0.0129188,0.0135,0.0159953,0.0186839,0.0213128,0.0235627,0.0250026,0.0261295,0.0264628999999999,-2.8789551156629405,1.1691540890150176,-0.4224856838426908,-127.44854077322408,-42.144892473962464,-169.5934332471866,1.672
singleAA,N,0.025241,0.0238425,0.0217978,0.0195978,0.0177016,0.0157689,0.0137343,0.0119624,0.0102843999999999,0.0087266,0.0073024,0.0058829999999999,0.0043056,0.0027835,0.0013789,0.0018495,0.0094875,0.0145318,0.0133494,0.0140686,0.0164463,0.0190528,0.0214101,0.0231274,0.0246156999999999,0.0256238,0.0257939999999999,-0.8911674775467353,0.1947212269477385,0.1574191404014592,-140.6743210085202,-46.87885813004611,-187.5531791385663,1.777
singleAA,S,0.0254613,0.0239136,0.0217806,0.0197302,0.0177386,0.0156759,0.0138036999999999,0.0120263,0.010289,0.0088068,0.0072771,0.0056647999999999,0.0042644,0.0028427,0.001416,0.0018027,0.0092548,0.0144005,0.0133940999999999,0.0140384,0.0163946,0.0189168,0.0212705,0.023132,0.0247909,0.0256788,0.0258472,-1.245641459179605,0.144610626761284,-0.10044932466321,-107.48538182148012,-36.02832570372399,-143.5137075252041,1.728
singleAA,K,0.0250913,0.0235596,0.0214801999999999,0.0194649,0.0175456,0.0155284,0.013565,0.0119754,0.010483,0.0088226,0.0072788,0.0057978,0.0042999,0.0028395,0.0014044,0.0018886,0.0098478,0.0151945999999999,0.0140221,0.0145431,0.01662,0.0189028,0.0210159,0.0228839,0.0244766,0.025439,0.0256739,0.2903695126638452,-0.3672459762134727,0.5982254101423625,-185.9832074705814,-57.449408024169216,-243.43261549475065,1.808
singleAA,Q,0.0254563,0.0241226,0.0220783999999999,0.0198602999999999,0.0177794999999999,0.0156414,0.0137171,0.011899,0.010097,0.008646,0.0071325,0.0056191,0.0043105,0.0028827,0.0013718,0.0017729999999999,0.0092643,0.0142335999999999,0.0131439,0.0138388,0.0163028,0.0190025,0.0213963,0.0233007,0.0248058,0.0259083999999999,0.0260739,-1.8031620721684305,0.7869175864879089,-0.2467197551242185,-173.44456928872037,-51.60628147992377,-225.05085076864407,1.791
singleAA,D,0.0241103,0.0226244,0.0208903,0.019035,0.0173198,0.0155655,0.0138614,0.0121385,0.0104609,0.0089952,0.007436,0.0059033,0.004377,0.0028639,0.0014776,0.001916,0.0097227,0.0150531,0.0141011,0.0148656999999999,0.0174158999999999,0.019941,0.0218807,0.0235068,0.0244456,0.0247843,0.0249083,3.022167407046122,-0.7064735666422466,0.4797788427191041,-408.0159665161581,-9.782589495238591,-417.7985560113968,2.068
singleAA,E,0.0242069,0.0230718,0.0212796,0.0192835999999999,0.0172255,0.015245,0.0136131,0.0120136,0.0104018,0.0088682,0.0074659,0.0059783,0.004439,0.0029546,0.0014417,0.001976,0.0096599,0.0146292,0.0135329,0.014595,0.0173335,0.0199071,0.0220803,0.0237496,0.0247496,0.0250698,0.0248699,2.181784821362778,0.2980628873959456,0.2858072714259091,-467.7833065610612,-12.164685731367692,-479.9479922924288,2.138
hydrophobin,A1,0.0239246196977487,0.0231923349456236,0.0215301196539065,0.0194854099965163,0.0174297990127188,0.0152580652041509,0.0134536586984289,0.0119824536041917,0.0103775887687899,0.0088149073268762,0.0073015188391509,0.0057559003429177,0.0042690542151399,0.0027878957359223,0.0013953697801011,0.0023063414911591,0.0110397258553393,0.0167496510390622,0.0154580808451845,0.0158249341773171,0.0178175070562389,0.0193839802638594,0.0207001969348313,0.0219097701952995,0.0229908973924501,0.0241435941673163,0.0243483495154833,4.027220820403859,-3.2453644324402373,1.849195923197272,-170.78380894165485,-15.053975801159678,-185.8377847428145,2.029
hydrophobin,V2,0.025008925488268,0.0245453853762459,0.0230728261314885,0.0208230178100069,0.0182033138435785,0.0156351143340414,0.0133548715607605,0.0115990378031007,0.0102540691447333,0.0090413732961095,0.0076495824042045,0.005976858111074,0.004164837673169,0.002557664506991,0.0012735647522225,0.0020952949508073,0.0101487191192736,0.0156093621055958,0.0147255924475737,0.015498159300944,0.0174365997694004,0.0186247139454169,0.0198655031341632,0.0214094662850654,0.0226795193697726,0.0237810124137445,0.0246320065082903,0.1467403040100717,-4.482393233721537,0.9980206347579258,-71.71183918267488,-38.15748696007076,-109.86932614274563,1.75
hydrophobin,P4,0.0279511966400302,0.0270566678970593,0.0253181562731737,0.0230203147810066,0.0201930718915125,0.0173146180628297,0.0145159734900254,0.0119514360677979,0.009801241699006,0.0080234905243135,0.006293624903148,0.0046701716231539,0.0033047682705,0.0021009786610001,0.0010115823182593,0.0016281088199203,0.0083061483055496,0.0125353737899752,0.0110875008729137,0.0115537199426703,0.014021156103579,0.0170366158215197,0.0199656155122589,0.0224955689236059,0.0245945523532091,0.0263609972166521,0.027635285002178,-13.143146238090807,-0.4076432891956756,-1.4372141814772812,-27.29687904878636,-51.4220498778769,-78.71892892666325,1.547
hydrophobin,T5,0.0259443501467471,0.0246531822880116,0.0226332910434087,0.02038316745773,0.0179809384214909,0.015683800423821,0.0135557068927967,0.0115503348048382,0.0097731208927207,0.008151123679016,0.0065685356047746,0.0051408185347405,0.0038005620987786,0.0024751705136669,0.0012216833233657,0.0018377103981359,0.0093690043661177,0.0144406840596944,0.013379057153623,0.0140144431039191,0.0163848682732228,0.019012835625862,0.0212954544668876,0.0232386015977985,0.0248557590926217,0.0259775367905056,0.026359874582142,-2.529054586561281,1.1548690341683874,-0.7043108559232264,-123.66818650858475,-38.05426308190649,-161.72244959049124,1.83
hydrophobin,P11,0.0281531802332571,0.0254599014067572,0.0223728507875435,0.0189280990741853,0.016294938078634,0.013840627630155,0.0114524467957195,0.0096714560538654,0.0081519778766381,0.0068714680774317,0.0056856438619694,0.0044171576289527,0.0033215101599133,0.0022048214500419,0.0010505590958277,0.0015976313574605,0.008655464710833,0.0132725141276902,0.0118492244799807,0.0125706384513646,0.0157689070578333,0.0198013105687146,0.023424912829145,0.0263676806540818,0.0287979439701814,0.0299071179511841,0.0298379824455932,-4.589628555034233,13.910608343988631,-3.634847958388877,-39.4414634814905,-40.32098973297954,-79.76245321447003,2.074
hydrophobin,L19,0.0264082863704699,0.0246506608620259,0.022500853171492,0.020256228151892,0.0177585109621006,0.0155345465278224,0.0135116538614079,0.0116536769385438,0.0099536059177818,0.0082122137263762,0.0065815032420516,0.0050998441232623,0.0037613333456312,0.0024578717752423,0.001219712412031,0.0016314483623718,0.0087375828959868,0.013481031922449,0.0121178022302363,0.0127531152288804,0.0156201403812984,0.0187992879476844,0.0218009758437174,0.0243068096920281,0.0261762237246238,0.0273328475636187,0.0273704793440262,-4.849300664967777,4.237010390547665,-1.4283211196129733,-64.11585758544504,-57.81934496445949,-121.93520254990452,1.512
hydrophobin,T28,0.027066553624417,0.0258065223428979,0.0237089064624109,0.021000277733113,0.0184107818918008,0.0159974273143207,0.0134802882577362,0.0110413529987866,0.0089576237739543,0.0072788001929514,0.0058397041411468,0.0044780810103636,0.0032494774232212,0.0021370832176111,0.0010458844337898,0.0018527722149946,0.0094538889944598,0.0142674423703789,0.0126039671982575,0.012973790764643,0.0155121252430164,0.0184948327023431,0.0212612006841004,0.0236752861381941,0.0257480522138252,0.0269766558009676,0.0274173743988539,-6.32090856756093,3.748215976918858,-1.3123021398022428,-105.06144894808531,-33.94059729041624,-139.00204623850155,2.267
hydrophobin,A32,0.0259734132085724,0.0243331433645676,0.0222008985964399,0.0200220010337834,0.0175462220513975,0.0151499648778676,0.0132016805608937,0.0113467018329776,0.0094970245589852,0.0078731892221441,0.0063368278750447,0.004971703489682,0.0036945832394532,0.0024036792090229,0.001192827132841,0.0018104465149566,0.0093814528634477,0.0143711812964705,0.0131847159083378,0.013938052510901,0.0165887794727703,0.0194303587758941,0.0220508674503981,0.0242096194881445,0.0257337874912194,0.026596864190004,0.0266541198923804,-1.6404991909818976,3.7324163617108046,-1.1754500048879248,-55.71487007647752,-29.60216648705337,-85.31703656353089,2.053
hydrophobin,V33,0.0252432373866878,0.0233363429520747,0.0210003972696737,0.0182267326375092,0.0158936761891002,0.0138177615659647,0.011959984109213,0.0103810177326736,0.0088482791000034,0.0072375311495538,0.0059778251291125,0.0049059193181406,0.0037285564664668,0.0024356242551193,0.0011715843836902,0.0020311314962619,0.0107320596626818,0.0162938350969698,0.0143277113655241,0.015022572140561,0.0183336342952074,0.021139080501282,0.0233435660370543,0.0251348911119939,0.0260912275632922,0.0265549496189821,0.0265188341940841,4.80935309651799,7.375538234958905,-0.6847681414253434,-60.30535368785262,-39.618437850764096,-99.9237915386167,1.928
hydrophobin,A37,0.0273591097537243,0.0259178026167804,0.0239507646843471,0.0215206614841175,0.018916414080614,0.0163405310738561,0.0139816686840568,0.0115621196779651,0.0093160552380135,0.0074736887238329,0.0059261800083772,0.0044861921457005,0.0031491076758674,0.0020567485826045,0.0010263953799014,0.0017203336444621,0.0089110380379752,0.0136221664462378,0.0120568475281746,0.0124005184747869,0.0150641332203153,0.0180509701613141,0.0208458526964315,0.0235048499820248,0.0257667457131831,0.0270754657862709,0.0277469763882887,-8.491638170026498,2.871606966496548,-1.579697412358821,-31.99193333821372,-33.57827992957511,-65.57021326778882,1.562
hydrophobin,Q40,0.0262882455685946,0.0245475616478385,0.0224495759531919,0.0201244579041394,0.0175549401287082,0.0150724233428303,0.0130740571018708,0.011247700450944,0.0093369993292289,0.0076122545210627,0.0061438637737176,0.0047883750738843,0.0035012917322493,0.0022454224861029,0.0010738977107448,0.0018276849103092,0.0094678328784044,0.0145079131052711,0.0130813625284745,0.0135947347798077,0.0162831317699718,0.0190983775311642,0.0219322189237113,0.0244193846174279,0.0261022892550456,0.027129033757712,0.0272240043035603,-2.714183788829633,4.816722490343413,-1.304274561652592,-125.48345189624932,-38.89831960941583,-164.38177150566517,1.672
hydrophobin,Q65,0.0265111930741252,0.0254648839711079,0.0237500640336047,0.0216222273449104,0.0189014394754366,0.016059628092823,0.0135527124635008,0.0114293581271451,0.0095422877926335,0.0079888325393164,0.0064590697197887,0.0049805337841298,0.0037107474002356,0.0025402131038367,0.0013037241944571,0.0017935812714511,0.0092899953895803,0.0141232518825879,0.0124103529532298,0.0126991445110393,0.0153027508836636,0.018267506787562,0.0210440038932431,0.0232153834332256,0.0247675580144458,0.0261698939603503,0.026778853542339,-6.511851842010255,1.2849906566448073,-0.6417910628657634,-124.52277460918762,-45.4451183814767,-169.96789299066432,2.092
SARS2,R403,0.0247470746480499,0.023973032298526,0.022195540591837,0.0199088973609941,0.017587595517486,0.0152704196992951,0.0130365895925136,0.0110313412883101,0.0093908336221549,0.0081348715155715,0.0067559538545327,0.0052887392517039,0.0038924922843326,0.0025523592612764,0.0013005231800102,0.0021570860358798,0.0111080853592116,0.0168110775527717,0.0148809229093428,0.0150550411777325,0.0170149032034459,0.0191967453912296,0.0212869898169694,0.0229770097869319,0.0242552524302288,0.0248964367645359,0.0249665791949298,1.86038313101914,0.1277738812278775,1.2233618765262857,-50.35902578008827,-60.69997260444124,-111.05899838452952,1.999
SARS2,E406,0.0246694950566308,0.0221845524451683,0.0194799045418386,0.0170764044092577,0.0147354066441909,0.0124815333914163,0.0104038031743626,0.0086480548505624,0.0074586158566611,0.0064282737982498,0.0051119360581839,0.0038675707413158,0.0028751089056402,0.0018845410811014,0.0008939732565626,0.0022747073752793,0.0124152430016288,0.0191844388045001,0.0167752566385089,0.0168036668055607,0.019900375014205,0.0227091935300579,0.0247774536914276,0.0266032804272888,0.0272339861358383,0.0267964695632409,0.0261032614871773,12.244570095162354,11.625611254078308,-0.6097529939359979,-191.16159898412764,-26.824282354704746,-217.9858813388324,3.085
SARS2,Q409,0.0261221210030306,0.024247770606063,0.021865092189042,0.0189566174351269,0.0162402941664554,0.0141702986208761,0.012203366144655,0.0102853449555867,0.0084773741626124,0.0068039094093087,0.0054745704977596,0.0042867249526171,0.003069183268846,0.0019826539613774,0.0009939472282147,0.002120653664416,0.0112740516887494,0.0168726472360755,0.0149755880272156,0.015365131492755,0.0177844933751408,0.0203121588219366,0.0224397998130888,0.0241761505070178,0.0255124767453031,0.0267073096171817,0.0270322203104119,2.7738876452215178,6.36152796896982,-0.4784208570937751,-72.17263391782996,-42.38669527060812,-114.55932918843806,2.632
SARS2,X417,0.0249584396803717,0.0231285496220946,0.0208567914815249,0.0186696989735064,0.0162038896751188,0.014189218418792,0.0124878718026363,0.0108100090845605,0.009421369111258,0.0080253131701408,0.0066416171753813,0.005309214958007,0.0039211929820223,0.0025399689765345,0.0012329046491937,0.0022272623336814,0.0115726177748388,0.0177334330369005,0.0159764666621346,0.0161519779004159,0.0179843399479646,0.019738216336141,0.0214445069308398,0.0230562439359012,0.024426343989667,0.0253687898994518,0.0255931229258464,5.5715013895411145,1.9717325414665927,1.2548896546834734,-112.319204309294,-46.84039610083306,-159.15960041012704,2.195
SARS2,Y453,0.0272280906953226,0.0257965081569744,0.0232489004227735,0.0204235047577273,0.0174129171387842,0.0144461907720798,0.0120935219367179,0.0101636268382128,0.0085565992909096,0.0073918393703472,0.0061235181597767,0.0048223010100271,0.0036880002924083,0.0024537933891345,0.0012476089525688,0.0018141501273194,0.0097506000462979,0.0149432849641189,0.0131985818195108,0.0136177004520145,0.0162432837457509,0.0191003569818584,0.0218051342032481,0.0239860131340082,0.0257368081192051,0.0269393374514175,0.0274339949072211,-3.436903618952161,5.926025031690583,-1.3246544619612082,-43.094230656609874,-63.60661010518445,-106.70084076179432,2.07
SARS2,L455,0.0265766167711423,0.0242041626698195,0.0213275481294755,0.0185970508845115,0.016318290316104,0.0142246860151247,0.012365315546434,0.0107580252972537,0.0093358913155017,0.0080888750083654,0.0064849309567894,0.0049657572445178,0.0036875097597429,0.0023936466861489,0.001195707943873,0.001806946706226,0.0098701675329599,0.0152028911147298,0.0134818301470096,0.0137506413545407,0.0163896758649919,0.0193298681598142,0.0222589064626228,0.0248142860329711,0.0267673500345773,0.0278035558926539,0.0276808619805027,-0.540413052859582,7.516651649055496,-0.9143651282503448,-3.2457934692129493,-55.16851517339286,-58.41430864260581,1.911
SARS2,X484,0.0244405936557122,0.0227346489439776,0.0208460409361493,0.0190071760580608,0.0168759683601076,0.0150183478757237,0.0133389056511457,0.0115224659544971,0.0098886895539426,0.0083951724700317,0.0069974720704558,0.0055178178259805,0.0039900513740519,0.0025899045910461,0.001284759031232,0.0020353910136181,0.0099792057408464,0.0150697219277501,0.0137576449482181,0.0147101035635651,0.0177725678871401,0.0205908015983037,0.0228422898148902,0.0243504851993801,0.0252116121666801,0.0255810160645844,0.0253115061567315,3.4478340333860418,2.5500306821594787,-0.1336878360182339,-405.69281859193,-3.992842110190084,-409.6856607021202,2.47
SARS2,F490,0.0256615131657171,0.0237788037219351,0.0213967108637974,0.019041795334332,0.0169416672611706,0.0150976855107468,0.0133603747753623,0.0115265845231907,0.0098748823731242,0.0082462809524293,0.0066720341890792,0.0052594925313302,0.003843553707497,0.0024541127791196,0.0011849315301175,0.0017074156738448,0.0090514093143499,0.0138971270166426,0.0124669200952564,0.0131823632725579,0.0161786637586924,0.0195989305721167,0.0228513773809886,0.025213087242622,0.0267370559479281,0.027465408356349,0.0270020349024843,-1.457318757752306,5.925793988472687,-1.2841365400948033,-42.116423515924254,-59.57000592445117,-101.68642944037542,1.759
SARS2,X501,0.0246632954902251,0.0228719448713499,0.0210227554409795,0.0191033331680795,0.0172541437377091,0.0153785137077981,0.0131847702146645,0.0111141407631417,0.0092814767074843,0.0075421810189545,0.0060044949019218,0.004580833870408,0.0032992910614248,0.0020888073637069,0.0010369672632326,0.0019946127278435,0.0104894815989951,0.0161246343760844,0.0144406986928427,0.0145555500470973,0.0170442714788556,0.0200832878885528,0.0227760976980152,0.0248244178936756,0.0262489051939252,0.0266703022491033,0.0260307702477151,2.546865786292137,4.407761032992143,-0.3354515692012982,-76.68893442928791,-40.662282264465695,-117.35121669375356,1.969
alpha,X417,0.0249577341776099,0.0234424030693408,0.021184066876696,0.0186269066408808,0.0165014504507314,0.0143579026170496,0.0122923360054897,0.0107732617985588,0.0093683521008141,0.0079859009950402,0.0066801834118343,0.00528962225896,0.0038722355656756,0.00260769206775,0.0013481393680401,0.002157272528775,0.0112792039676845,0.0172057768489347,0.0152874387847406,0.0154215664867899,0.0175164540378676,0.0196737265666427,0.0216238809694625,0.0233513210019027,0.0249015876976822,0.0259858386100626,0.0259739854643001,3.987019892615371,3.11800129507038,0.9406085847065996,-114.30052764294902,-47.28831808057882,-161.58884572352784,2.325
alpha,X484,0.0241690588012731,0.0226453581621825,0.0205718092762729,0.0184554898461082,0.016509841337731,0.0145440413229258,0.012765362439237,0.0113280253991231,0.0098734156392139,0.0084623989340264,0.0069851701362899,0.0054129413796789,0.0039908207831943,0.0026159945385304,0.0012909301770864,0.0020830077562736,0.0103496491992859,0.0157181750137768,0.0142401237055739,0.0148520714926096,0.0177164641920067,0.0207206836706996,0.0230792324332326,0.0246514611898436,0.0255508763849019,0.0258181922864966,0.0252498375541827,4.766205035669403,3.637133497214017,0.1476167676225013,-416.45149255598665,-2.206709934881159,-418.6582024908677,2.507
alpha,F490,0.0254375289370989,0.0235266882730338,0.0211958462861299,0.0187823268734704,0.016562603346782,0.014535352867253,0.0127316621469673,0.0110556253720483,0.009388848468814,0.0080746081090019,0.0067392023281963,0.0052734969243997,0.0038950988822011,0.0025180236788146,0.0012275944176201,0.0017970765262252,0.0095330378993319,0.0145677624181493,0.0130650175276142,0.0137264369336595,0.0168344467226668,0.0201818903366624,0.0230398835901844,0.0253899067398635,0.0267015014220515,0.027158542231629,0.0267577220715655,0.799007995707393,6.673097870545748,-1.101693681722176,-13.397261869776994,-69.35875048714558,-82.75601235692258,1.646
alpha,X501,0.0255266262101883,0.0238102963294956,0.0215583351435177,0.0194092107687188,0.0172881327969687,0.0151676047546901,0.0131328657099726,0.0112526568467593,0.0096144169510259,0.0079112853776502,0.0062955925902502,0.0049108701808992,0.003573441706101,0.0023536981382137,0.0011801486459361,0.0018142173266278,0.009615516809969,0.0148717426989987,0.0133781342542818,0.0138565728945262,0.0166595634109924,0.0195945370006295,0.0224250239906731,0.02471932974596,0.0261782926339696,0.0269740405792956,0.0266248353648642,-0.3510251262932795,4.701633792272576,-0.9662905301916256,-43.823366108465706,-71.76484371817662,-115.58820982664234,1.661
beta,X417,0.0243211360398859,0.0226777659069325,0.02086672008547,0.0186928715574548,0.0164567010921176,0.0143407229344728,0.0122989375593541,0.0105442782526115,0.0090166488603988,0.0075320512820512,0.0061683879392212,0.004895239791073,0.003722251899335,0.0025188449667615,0.0012442129629628,0.0022087191358024,0.0111378205128204,0.0169990503323834,0.0156086775878441,0.0163164767331433,0.01873590337132,0.0208452041785375,0.0225167675688509,0.0238848824786324,0.025105353751187,0.025650670702754,0.0253635446343779,6.749973358864118,3.378486787271391,0.0992121113004678,-99.98121034145356,-35.46588375919371,-135.44709410064726,2.339
beta,X484,0.0255431021224237,0.0240573413308724,0.0220092535630061,0.0196381882497692,0.0172687250076899,0.0151857120885881,0.0131674228442529,0.0113987362862708,0.0098033938275401,0.0081439685225057,0.0066953757818106,0.0053736670767968,0.0039484645750025,0.0025857428483543,0.0013018430226596,0.0020381549266891,0.0102240977135239,0.0155311186301649,0.0141228980826411,0.0145958294883625,0.0167563826514918,0.0190534322772479,0.0212473085204551,0.0232325950989438,0.0248663872654567,0.0258112888342048,0.0260564057213164,0.0676440442581347,1.5571114030699071,0.2378008171779965,-174.16171651522396,-44.14094463938561,-218.30266115460952,2.087
beta,F490,0.0276961393313475,0.0257218108631913,0.0231207485727481,0.0202495827133715,0.0174257726745222,0.0150258264613801,0.0130152503281289,0.0110362447418961,0.0093103881715683,0.0076587808507092,0.0061609337866239,0.0048414018492155,0.0035370705455565,0.0022876953792995,0.0011149080215497,0.0015563110400448,0.0083732106369357,0.0128971530966906,0.0116349158557224,0.0122593111189711,0.0151766635193558,0.0185909597153971,0.0218620191703376,0.0248688214539405,0.0271091610127129,0.0284462321429092,0.0287356288239093,-7.232076736647117,7.575119607575046,-2.540490435997781,-58.74421581160277,-60.74356715514928,-119.48778296675204,1.668
beta,X501,0.025696615449802,0.0238654110975002,0.021769657199197,0.0194327123390362,0.0172125603995947,0.0150358662911185,0.0129960643501831,0.0111317234017703,0.0093749405849967,0.007740382917813,0.0062829159118131,0.0049313773687912,0.003626555994057,0.0023342287457254,0.0011451138459365,0.0018040432079484,0.0095808220591949,0.0146860307518475,0.0131128572709024,0.0136691175072587,0.0165025680861985,0.0196402234818955,0.0225861211984582,0.0249887960279542,0.0265261167983529,0.0271073652875142,0.026910175379509,-0.8150295225233193,5.679771331801071,-1.1377980745756633,-49.22451964420616,-68.61057886474964,-117.8350985089558,1.697
gamma,R403,0.0242205689567471,0.0227359383981703,0.0208543035676622,0.0187534892953587,0.0165707928919693,0.0144071196099432,0.0125916521580903,0.0112873277063491,0.0098862334633246,0.0082924267299667,0.0067589977296317,0.0054728693070207,0.0041718532242122,0.0026863955734022,0.0013365810488355,0.0022538263354437,0.0110383729441588,0.0168478687900881,0.0156915938480879,0.0163268006831781,0.0183887416205217,0.0202091716257737,0.0218120763736967,0.0231958016798242,0.0241304159033293,0.0247755478452178,0.0249360037384568,6.289286008200303,0.567131493697853,0.922539137766999,-48.69957651060074,-62.37756188360584,-111.0771383942066,2.133
gamma,X417,0.0246840508680572,0.0226267996008023,0.0201258855962767,0.0178808928589072,0.0157860932976294,0.0137940574884143,0.0119452980642866,0.0103228165172969,0.0088811596494174,0.0076331729296561,0.0063091015088485,0.0049909587660444,0.0036965307352548,0.0023951859134609,0.001203521634734,0.0022143612343507,0.0113129057439008,0.0174233965396281,0.01598371589775,0.0164372597650267,0.0187178245704178,0.0206584785036015,0.0225655365947647,0.0245417625959703,0.0257176170666875,0.0260931000069167,0.0257284863096943,7.741703810060143,5.185529022793233,0.144577050448012,-64.83993500720709,-34.894352057238144,-99.73428706444524,2.251
gamma,Y453,0.0273101745465212,0.024908326406884,0.0223720236640099,0.0192820124187159,0.0160233217620886,0.013463795042292,0.0114873123747126,0.0097809612281816,0.0082970713342785,0.0070600889845009,0.0060076761355301,0.0048917029286656,0.0036877230724098,0.0025631936635211,0.0013531022343909,0.0018200264019947,0.009755292622109,0.0152813768151369,0.0143194152447072,0.0148205642204076,0.0169058328851511,0.019251454554344,0.0216911944458025,0.0242629443113479,0.0264594436024054,0.0280252285728254,0.0285764924460958,-0.5820734619860953,8.329315048869445,-1.9412357616380955,-48.65390481435461,-61.0328938592267,-109.6867986735813,2.418
gamma,L455,0.0268775741117898,0.0250174247567322,0.0226014935505769,0.0198379723919437,0.0173306177868295,0.0149373161348721,0.0127974654899297,0.0109092554876667,0.0091667798144375,0.0075971939352793,0.0061588594704683,0.0047820773930753,0.003518443086671,0.0022883005204796,0.0011287621633853,0.0015216112242587,0.0087051369088028,0.0136275175379044,0.0123312966734554,0.0129830278343516,0.0158959040506901,0.0191355510296446,0.0222348947725729,0.0248626386060194,0.0269753337859243,0.0282896582937315,0.0281991400769404,-4.436281014387679,7.299019286470413,-2.350738969877113,-40.44219917248935,-51.48371768988488,-91.92591686237424,1.715
gamma,X484,0.0257320011007171,0.0243120114963799,0.0220587596332873,0.0196838495493335,0.0173729870472616,0.0151342183057,0.0132575276024156,0.0115337142930707,0.0097661297719872,0.0081266404146678,0.0067394792191343,0.0053175585319263,0.0038933849147022,0.0025686620653252,0.0012944692177343,0.0020572469517051,0.0102376358396106,0.015488572012494,0.0140447657194168,0.0145713076488581,0.0167997772817755,0.0189912344930021,0.0211038391536707,0.0229287124665882,0.0245466380651836,0.025848187920111,0.0262566119472878,-0.3864681331320527,1.303001060686333,0.252288393440702,-178.32481127257574,-46.68306092677042,-225.00787219934617,2.13
gamma,F490,0.0278930487436535,0.0261642239705437,0.0235793288938109,0.020604369525508,0.0176466696391329,0.0150203518057732,0.0127996317977188,0.0108964862571374,0.0092297956189681,0.0076125821623253,0.0060718857422296,0.0047797258618953,0.0035911228731283,0.0023334819566498,0.0011293454341477,0.0015297654148747,0.0084571461446631,0.0130090468451104,0.0115051706531274,0.0121909474017287,0.0151952478893091,0.018559696233118,0.0216330346484099,0.0243059530829748,0.0266026148115119,0.0284637622794021,0.0289194126022983,-8.032275857962238,7.226664943018478,-2.481604130815529,-55.99239114618511,-63.88453810408664,-119.87692925027176,1.617
gamma,X501,0.025513956347478,0.0238567262262455,0.021632200764112,0.0193089912728033,0.0171726749987594,0.0149966645900752,0.0128768875387981,0.0110708044126645,0.0094290108993477,0.0077651650890084,0.0063064056409774,0.0049942939681454,0.0036711561468021,0.0023970846863336,0.0011715282793143,0.0018678295577962,0.0096782018557006,0.0148037069911293,0.0132997403342024,0.0137413375820758,0.016627431954881,0.0197417676018678,0.022274473914889,0.0249157877907457,0.0267113960757937,0.0271557498607948,0.0267273839911349,-0.3758852293119558,5.617769636249216,-1.009685738544453,-42.92049145077239,-70.98929746855808,-113.90978891933044,1.66
omicron,E406,0.0244001975271831,0.0220335982557976,0.0192700811538568,0.0167767663309324,0.0145983769228618,0.0124982530025063,0.0105360254176488,0.009000531087238,0.0073234134933427,0.0059574943863146,0.0048636410222962,0.003712020274488,0.0025976688065444,0.001632394458058,0.0007789279491646,0.0027132035741238,0.0132585463117388,0.0199539724393675,0.0180196968144083,0.0183923896130517,0.0202148573984179,0.0222628043269633,0.024312614719502,0.0257623897062248,0.0266139927511249,0.0265469080473691,0.0257698435621976,14.106753540594546,9.963862869071056,0.0295467913191614,-195.9403382484382,-25.423519473258867,-221.36385772169703,3.5
omicron,Q409,0.0266155541025892,0.0247221202160341,0.0222285913890854,0.0195595124004693,0.0169137206781968,0.0145724547465718,0.0125572105437576,0.010610036811794,0.0084891042463433,0.0065670091089037,0.0050873720319931,0.0039534612938763,0.0028070112584975,0.0018629813074903,0.0009673172173507,0.0021191412372702,0.010629741421777,0.0162957124560004,0.0148196580354503,0.0152710727368806,0.0178093847683364,0.0201954339044682,0.0220422932583363,0.0237780902650268,0.0255461311789625,0.0266746679325385,0.0270830907576422,1.1317603842682842,5.274976023999934,-1.2872600031615702,-60.97237594116014,-44.8528862856274,-105.82526222678752,2.593
omicron,X417,0.02491399323645,0.023200804314048,0.0209706608171099,0.0186381500776894,0.0161835298418791,0.0139862901014531,0.0121824330499952,0.0105803857051457,0.0090002741979708,0.0076541449593272,0.0064403619413216,0.0050298875788318,0.0036545105566217,0.0023844255552508,0.0011589434238186,0.0022308746915272,0.0111141577552325,0.0168584224476738,0.0153901837126404,0.0161579380312585,0.0185825792889132,0.0206386984736312,0.0222890046613654,0.0238756969198427,0.0250894799378484,0.0257336623708984,0.0257541358193949,5.887108064006429,3.9365777098983417,0.093424975276233,-102.9754107911978,-35.674943683843615,-138.6503544750414,2.194
omicron,Y453,0.0267464224193197,0.0249647398553915,0.0225386189172765,0.0198861640864973,0.0170976859310628,0.0143705297662516,0.0121629381038124,0.0103377726738058,0.0087478606987361,0.0073441445861043,0.006078681688696,0.0048622763837864,0.0035823191976853,0.002447304898512,0.001282187076669,0.0018920621470501,0.0098694956545006,0.0148365768949887,0.0131518945707739,0.0139814138621147,0.0164945005323863,0.0190209665460666,0.0219811462752464,0.0245711641701183,0.026270340783026,0.0274611023464022,0.0277141949258839,-2.2345918252453227,6.910600991853457,-1.314848180939833,-41.8278976914566,-65.66212052511905,-107.49001821657563,2.33
